"year","month","gu","price"
"2010","01",강남구,741.4
"2010","01",강동구,482.5
"2010","01",강북구,349.9
"2010","01",강서구,407.3
"2010","01",관악구,397.8
"2010","01",광진구,486.7
"2010","01",구로구,382.2
"2010","01",금천구,339.1
"2010","01",노원구,348.3
"2010","01",도봉구,356.7
"2010","01",동대문구,420.2
"2010","01",동작구,507.4
"2010","01",마포구,583.1
"2010","01",서대문구,452.9
"2010","01",서초구,719.5
"2010","01",성동구,583.9
"2010","01",성북구,429.6
"2010","01",송파구,624.3
"2010","01",양천구,429.4
"2010","01",영등포구,458.9
"2010","01",용산구,857.2
"2010","01",은평구,370.4
"2010","01",종로구,560.2
"2010","01",중구,790.0
"2010","01",중랑구,360.2
"2010","02",강남구,729.5
"2010","02",강동구,422.7
"2010","02",강북구,344.7
"2010","02",강서구,394.2
"2010","02",관악구,397.9
"2010","02",광진구,491.9
"2010","02",구로구,385.1
"2010","02",금천구,344.5
"2010","02",노원구,381.8
"2010","02",도봉구,352.3
"2010","02",동대문구,429.8
"2010","02",동작구,498.9
"2010","02",마포구,586.3
"2010","02",서대문구,420.8
"2010","02",서초구,672.5
"2010","02",성동구,563.0
"2010","02",성북구,455.3
"2010","02",송파구,585.6
"2010","02",양천구,404.4
"2010","02",영등포구,477.8
"2010","02",용산구,825.4
"2010","02",은평구,376.5
"2010","02",종로구,554.8
"2010","02",중구,562.9
"2010","02",중랑구,368.4
"2010","03",강남구,693.9
"2010","03",강동구,476.1
"2010","03",강북구,352.8
"2010","03",강서구,398.9
"2010","03",관악구,391.9
"2010","03",광진구,504.8
"2010","03",구로구,351.6
"2010","03",금천구,332.1
"2010","03",노원구,373.2
"2010","03",도봉구,359.2
"2010","03",동대문구,407.4
"2010","03",동작구,486.3
"2010","03",마포구,557.2
"2010","03",서대문구,427.9
"2010","03",서초구,624.5
"2010","03",성동구,486.3
"2010","03",성북구,429.2
"2010","03",송파구,580.3
"2010","03",양천구,412.6
"2010","03",영등포구,485.1
"2010","03",용산구,838.0
"2010","03",은평구,380.3
"2010","03",종로구,524.9
"2010","03",중구,734.0
"2010","03",중랑구,358.8
"2010","04",강남구,722.9
"2010","04",강동구,431.2
"2010","04",강북구,374.6
"2010","04",강서구,364.6
"2010","04",관악구,401.3
"2010","04",광진구,467.4
"2010","04",구로구,374.5
"2010","04",금천구,308.0
"2010","04",노원구,384.6
"2010","04",도봉구,349.2
"2010","04",동대문구,404.1
"2010","04",동작구,479.2
"2010","04",마포구,525.3
"2010","04",서대문구,399.3
"2010","04",서초구,624.5
"2010","04",성동구,441.2
"2010","04",성북구,428.5
"2010","04",송파구,568.2
"2010","04",양천구,399.7
"2010","04",영등포구,459.5
"2010","04",용산구,820.3
"2010","04",은평구,361.9
"2010","04",종로구,550.1
"2010","04",중구,783.1
"2010","04",중랑구,356.2
"2010","05",강남구,682.5
"2010","05",강동구,431.9
"2010","05",강북구,362.5
"2010","05",강서구,371.0
"2010","05",관악구,380.4
"2010","05",광진구,502.0
"2010","05",구로구,356.2
"2010","05",금천구,325.9
"2010","05",노원구,360.1
"2010","05",도봉구,357.9
"2010","05",동대문구,408.6
"2010","05",동작구,470.7
"2010","05",마포구,590.4
"2010","05",서대문구,408.1
"2010","05",서초구,743.8
"2010","05",성동구,475.7
"2010","05",성북구,402.8
"2010","05",송파구,563.8
"2010","05",양천구,423.1
"2010","05",영등포구,464.8
"2010","05",용산구,853.1
"2010","05",은평구,361.0
"2010","05",종로구,541.3
"2010","05",중구,680.5
"2010","05",중랑구,358.1
"2010","06",강남구,718.6
"2010","06",강동구,420.7
"2010","06",강북구,343.0
"2010","06",강서구,387.2
"2010","06",관악구,406.5
"2010","06",광진구,460.5
"2010","06",구로구,362.5
"2010","06",금천구,313.3
"2010","06",노원구,444.2
"2010","06",도봉구,341.3
"2010","06",동대문구,412.8
"2010","06",동작구,466.6
"2010","06",마포구,582.2
"2010","06",서대문구,423.8
"2010","06",서초구,634.5
"2010","06",성동구,558.5
"2010","06",성북구,430.5
"2010","06",송파구,550.1
"2010","06",양천구,419.3
"2010","06",영등포구,482.9
"2010","06",용산구,787.2
"2010","06",은평구,355.6
"2010","06",종로구,551.7
"2010","06",중구,524.8
"2010","06",중랑구,338.9
"2010","07",강남구,756.5
"2010","07",강동구,454.6
"2010","07",강북구,329.3
"2010","07",강서구,387.0
"2010","07",관악구,382.1
"2010","07",광진구,467.5
"2010","07",구로구,396.9
"2010","07",금천구,322.7
"2010","07",노원구,367.7
"2010","07",도봉구,333.2
"2010","07",동대문구,401.6
"2010","07",동작구,478.3
"2010","07",마포구,601.3
"2010","07",서대문구,419.6
"2010","07",서초구,661.0
"2010","07",성동구,525.3
"2010","07",성북구,424.6
"2010","07",송파구,549.6
"2010","07",양천구,422.9
"2010","07",영등포구,447.0
"2010","07",용산구,811.7
"2010","07",은평구,342.0
"2010","07",종로구,640.1
"2010","07",중구,704.4
"2010","07",중랑구,354.1
"2010","08",강남구,740.4
"2010","08",강동구,458.2
"2010","08",강북구,336.2
"2010","08",강서구,357.4
"2010","08",관악구,414.9
"2010","08",광진구,464.8
"2010","08",구로구,341.3
"2010","08",금천구,312.2
"2010","08",노원구,404.0
"2010","08",도봉구,316.4
"2010","08",동대문구,376.9
"2010","08",동작구,435.0
"2010","08",마포구,578.2
"2010","08",서대문구,407.2
"2010","08",서초구,664.1
"2010","08",성동구,483.0
"2010","08",성북구,429.2
"2010","08",송파구,498.9
"2010","08",양천구,408.4
"2010","08",영등포구,516.5
"2010","08",용산구,861.3
"2010","08",은평구,372.8
"2010","08",종로구,499.2
"2010","08",중구,548.4
"2010","08",중랑구,353.2
"2010","09",강남구,805.6
"2010","09",강동구,446.7
"2010","09",강북구,339.4
"2010","09",강서구,390.8
"2010","09",관악구,414.5
"2010","09",광진구,468.7
"2010","09",구로구,328.0
"2010","09",금천구,321.0
"2010","09",노원구,390.1
"2010","09",도봉구,356.7
"2010","09",동대문구,406.4
"2010","09",동작구,491.1
"2010","09",마포구,631.6
"2010","09",서대문구,390.6
"2010","09",서초구,632.3
"2010","09",성동구,473.3
"2010","09",성북구,406.5
"2010","09",송파구,535.2
"2010","09",양천구,408.2
"2010","09",영등포구,452.7
"2010","09",용산구,850.3
"2010","09",은평구,351.0
"2010","09",종로구,544.1
"2010","09",중구,525.5
"2010","09",중랑구,370.2
"2010","10",강남구,750.4
"2010","10",강동구,443.2
"2010","10",강북구,338.7
"2010","10",강서구,360.9
"2010","10",관악구,449.3
"2010","10",광진구,503.0
"2010","10",구로구,357.9
"2010","10",금천구,307.9
"2010","10",노원구,405.7
"2010","10",도봉구,318.9
"2010","10",동대문구,386.8
"2010","10",동작구,456.7
"2010","10",마포구,519.4
"2010","10",서대문구,400.8
"2010","10",서초구,643.6
"2010","10",성동구,516.8
"2010","10",성북구,420.1
"2010","10",송파구,605.7
"2010","10",양천구,426.1
"2010","10",영등포구,438.9
"2010","10",용산구,775.4
"2010","10",은평구,353.7
"2010","10",종로구,553.4
"2010","10",중구,486.6
"2010","10",중랑구,353.3
"2010","11",강남구,748.2
"2010","11",강동구,426.5
"2010","11",강북구,350.4
"2010","11",강서구,387.8
"2010","11",관악구,421.2
"2010","11",광진구,489.9
"2010","11",구로구,381.3
"2010","11",금천구,307.4
"2010","11",노원구,367.2
"2010","11",도봉구,347.0
"2010","11",동대문구,413.4
"2010","11",동작구,461.6
"2010","11",마포구,606.8
"2010","11",서대문구,406.1
"2010","11",서초구,704.6
"2010","11",성동구,538.6
"2010","11",성북구,434.5
"2010","11",송파구,566.3
"2010","11",양천구,458.0
"2010","11",영등포구,490.1
"2010","11",용산구,765.6
"2010","11",은평구,361.5
"2010","11",종로구,595.6
"2010","11",중구,519.8
"2010","11",중랑구,359.9
"2010","12",강남구,701.8
"2010","12",강동구,464.0
"2010","12",강북구,335.0
"2010","12",강서구,440.5
"2010","12",관악구,423.0
"2010","12",광진구,483.9
"2010","12",구로구,378.3
"2010","12",금천구,311.7
"2010","12",노원구,404.7
"2010","12",도봉구,343.8
"2010","12",동대문구,394.6
"2010","12",동작구,455.0
"2010","12",마포구,600.2
"2010","12",서대문구,459.1
"2010","12",서초구,696.3
"2010","12",성동구,488.2
"2010","12",성북구,454.0
"2010","12",송파구,572.1
"2010","12",양천구,461.1
"2010","12",영등포구,473.5
"2010","12",용산구,851.2
"2010","12",은평구,382.5
"2010","12",종로구,490.8
"2010","12",중구,456.3
"2010","12",중랑구,367.7
"2011","01",강남구,730.4
"2011","01",강동구,437.9
"2011","01",강북구,339.3
"2011","01",강서구,397.5
"2011","01",관악구,454.7
"2011","01",광진구,488.8
"2011","01",구로구,362.3
"2011","01",금천구,320.4
"2011","01",노원구,379.0
"2011","01",도봉구,322.6
"2011","01",동대문구,396.2
"2011","01",동작구,479.2
"2011","01",마포구,555.7
"2011","01",서대문구,433.0
"2011","01",서초구,707.5
"2011","01",성동구,625.6
"2011","01",성북구,453.2
"2011","01",송파구,545.8
"2011","01",양천구,472.9
"2011","01",영등포구,465.2
"2011","01",용산구,823.2
"2011","01",은평구,407.6
"2011","01",종로구,614.0
"2011","01",중구,532.8
"2011","01",중랑구,362.6
"2011","02",강남구,680.7
"2011","02",강동구,439.9
"2011","02",강북구,345.8
"2011","02",강서구,384.0
"2011","02",관악구,441.2
"2011","02",광진구,484.9
"2011","02",구로구,367.1
"2011","02",금천구,341.5
"2011","02",노원구,381.0
"2011","02",도봉구,356.3
"2011","02",동대문구,400.0
"2011","02",동작구,453.4
"2011","02",마포구,550.6
"2011","02",서대문구,433.6
"2011","02",서초구,660.7
"2011","02",성동구,521.0
"2011","02",성북구,434.7
"2011","02",송파구,599.6
"2011","02",양천구,417.9
"2011","02",영등포구,448.0
"2011","02",용산구,807.8
"2011","02",은평구,380.8
"2011","02",종로구,652.9
"2011","02",중구,565.7
"2011","02",중랑구,365.4
"2011","03",강남구,731.7
"2011","03",강동구,451.8
"2011","03",강북구,351.5
"2011","03",강서구,385.3
"2011","03",관악구,425.1
"2011","03",광진구,482.5
"2011","03",구로구,384.1
"2011","03",금천구,324.6
"2011","03",노원구,380.7
"2011","03",도봉구,358.7
"2011","03",동대문구,416.3
"2011","03",동작구,440.7
"2011","03",마포구,588.0
"2011","03",서대문구,444.1
"2011","03",서초구,680.9
"2011","03",성동구,503.3
"2011","03",성북구,460.8
"2011","03",송파구,541.1
"2011","03",양천구,416.0
"2011","03",영등포구,452.6
"2011","03",용산구,759.4
"2011","03",은평구,388.8
"2011","03",종로구,564.4
"2011","03",중구,594.4
"2011","03",중랑구,362.7
"2011","04",강남구,738.4
"2011","04",강동구,439.7
"2011","04",강북구,343.7
"2011","04",강서구,382.7
"2011","04",관악구,452.4
"2011","04",광진구,495.9
"2011","04",구로구,375.4
"2011","04",금천구,331.1
"2011","04",노원구,398.6
"2011","04",도봉구,332.3
"2011","04",동대문구,423.6
"2011","04",동작구,476.3
"2011","04",마포구,560.4
"2011","04",서대문구,446.3
"2011","04",서초구,714.8
"2011","04",성동구,503.0
"2011","04",성북구,486.5
"2011","04",송파구,568.3
"2011","04",양천구,422.7
"2011","04",영등포구,447.5
"2011","04",용산구,765.3
"2011","04",은평구,352.2
"2011","04",종로구,607.4
"2011","04",중구,576.6
"2011","04",중랑구,364.7
"2011","05",강남구,723.2
"2011","05",강동구,447.5
"2011","05",강북구,348.4
"2011","05",강서구,390.8
"2011","05",관악구,429.8
"2011","05",광진구,497.1
"2011","05",구로구,384.7
"2011","05",금천구,327.8
"2011","05",노원구,371.4
"2011","05",도봉구,301.8
"2011","05",동대문구,413.4
"2011","05",동작구,434.3
"2011","05",마포구,562.7
"2011","05",서대문구,411.7
"2011","05",서초구,687.4
"2011","05",성동구,451.0
"2011","05",성북구,471.1
"2011","05",송파구,556.9
"2011","05",양천구,429.5
"2011","05",영등포구,479.4
"2011","05",용산구,714.1
"2011","05",은평구,362.1
"2011","05",종로구,577.0
"2011","05",중구,523.7
"2011","05",중랑구,360.9
"2011","06",강남구,841.0
"2011","06",강동구,513.9
"2011","06",강북구,369.6
"2011","06",강서구,394.7
"2011","06",관악구,428.5
"2011","06",광진구,514.0
"2011","06",구로구,414.6
"2011","06",금천구,298.5
"2011","06",노원구,352.7
"2011","06",도봉구,335.3
"2011","06",동대문구,414.1
"2011","06",동작구,436.7
"2011","06",마포구,553.8
"2011","06",서대문구,448.1
"2011","06",서초구,701.7
"2011","06",성동구,479.9
"2011","06",성북구,478.7
"2011","06",송파구,569.4
"2011","06",양천구,417.8
"2011","06",영등포구,470.4
"2011","06",용산구,774.0
"2011","06",은평구,365.8
"2011","06",종로구,589.4
"2011","06",중구,573.6
"2011","06",중랑구,348.6
"2011","07",강남구,892.9
"2011","07",강동구,453.9
"2011","07",강북구,352.9
"2011","07",강서구,364.9
"2011","07",관악구,462.7
"2011","07",광진구,485.3
"2011","07",구로구,359.2
"2011","07",금천구,329.2
"2011","07",노원구,382.2
"2011","07",도봉구,339.7
"2011","07",동대문구,416.8
"2011","07",동작구,469.9
"2011","07",마포구,579.6
"2011","07",서대문구,431.0
"2011","07",서초구,729.1
"2011","07",성동구,487.0
"2011","07",성북구,445.2
"2011","07",송파구,558.7
"2011","07",양천구,432.1
"2011","07",영등포구,459.0
"2011","07",용산구,857.4
"2011","07",은평구,357.9
"2011","07",종로구,624.1
"2011","07",중구,475.4
"2011","07",중랑구,373.2
"2011","08",강남구,807.3
"2011","08",강동구,455.8
"2011","08",강북구,343.1
"2011","08",강서구,368.1
"2011","08",관악구,449.7
"2011","08",광진구,470.3
"2011","08",구로구,401.5
"2011","08",금천구,335.8
"2011","08",노원구,371.0
"2011","08",도봉구,338.5
"2011","08",동대문구,401.9
"2011","08",동작구,460.8
"2011","08",마포구,565.5
"2011","08",서대문구,450.2
"2011","08",서초구,605.0
"2011","08",성동구,514.4
"2011","08",성북구,404.5
"2011","08",송파구,538.9
"2011","08",양천구,410.3
"2011","08",영등포구,468.6
"2011","08",용산구,734.4
"2011","08",은평구,366.8
"2011","08",종로구,620.5
"2011","08",중구,626.8
"2011","08",중랑구,357.4
"2011","09",강남구,692.5
"2011","09",강동구,457.8
"2011","09",강북구,367.2
"2011","09",강서구,377.1
"2011","09",관악구,447.3
"2011","09",광진구,499.1
"2011","09",구로구,386.1
"2011","09",금천구,323.5
"2011","09",노원구,387.6
"2011","09",도봉구,338.0
"2011","09",동대문구,398.3
"2011","09",동작구,448.4
"2011","09",마포구,571.4
"2011","09",서대문구,430.6
"2011","09",서초구,690.6
"2011","09",성동구,471.3
"2011","09",성북구,408.2
"2011","09",송파구,554.9
"2011","09",양천구,408.5
"2011","09",영등포구,493.8
"2011","09",용산구,705.1
"2011","09",은평구,377.8
"2011","09",종로구,600.2
"2011","09",중구,519.3
"2011","09",중랑구,366.1
"2011","10",강남구,768.3
"2011","10",강동구,444.3
"2011","10",강북구,360.5
"2011","10",강서구,370.1
"2011","10",관악구,412.3
"2011","10",광진구,471.3
"2011","10",구로구,367.8
"2011","10",금천구,337.3
"2011","10",노원구,403.1
"2011","10",도봉구,325.7
"2011","10",동대문구,393.1
"2011","10",동작구,457.6
"2011","10",마포구,564.0
"2011","10",서대문구,474.3
"2011","10",서초구,672.0
"2011","10",성동구,511.7
"2011","10",성북구,427.9
"2011","10",송파구,550.7
"2011","10",양천구,402.7
"2011","10",영등포구,461.7
"2011","10",용산구,669.0
"2011","10",은평구,363.5
"2011","10",종로구,552.3
"2011","10",중구,558.4
"2011","10",중랑구,372.2
"2011","11",강남구,727.4
"2011","11",강동구,459.8
"2011","11",강북구,352.4
"2011","11",강서구,383.8
"2011","11",관악구,429.0
"2011","11",광진구,489.5
"2011","11",구로구,356.4
"2011","11",금천구,325.0
"2011","11",노원구,379.9
"2011","11",도봉구,341.8
"2011","11",동대문구,424.5
"2011","11",동작구,475.0
"2011","11",마포구,592.0
"2011","11",서대문구,425.1
"2011","11",서초구,609.4
"2011","11",성동구,477.4
"2011","11",성북구,434.1
"2011","11",송파구,560.1
"2011","11",양천구,411.4
"2011","11",영등포구,486.8
"2011","11",용산구,770.2
"2011","11",은평구,340.0
"2011","11",종로구,638.7
"2011","11",중구,664.5
"2011","11",중랑구,368.3
"2011","12",강남구,699.5
"2011","12",강동구,461.6
"2011","12",강북구,347.4
"2011","12",강서구,371.5
"2011","12",관악구,451.3
"2011","12",광진구,512.0
"2011","12",구로구,373.7
"2011","12",금천구,311.7
"2011","12",노원구,381.9
"2011","12",도봉구,336.9
"2011","12",동대문구,399.3
"2011","12",동작구,479.3
"2011","12",마포구,586.2
"2011","12",서대문구,416.2
"2011","12",서초구,651.7
"2011","12",성동구,529.1
"2011","12",성북구,442.8
"2011","12",송파구,570.2
"2011","12",양천구,419.2
"2011","12",영등포구,458.7
"2011","12",용산구,767.7
"2011","12",은평구,377.5
"2011","12",종로구,675.8
"2011","12",중구,596.4
"2011","12",중랑구,374.3
"2012","01",강남구,737.2
"2012","01",강동구,447.9
"2012","01",강북구,367.8
"2012","01",강서구,408.3
"2012","01",관악구,428.3
"2012","01",광진구,530.2
"2012","01",구로구,409.7
"2012","01",금천구,354.4
"2012","01",노원구,378.1
"2012","01",도봉구,341.2
"2012","01",동대문구,376.3
"2012","01",동작구,536.3
"2012","01",마포구,517.6
"2012","01",서대문구,458.6
"2012","01",서초구,681.7
"2012","01",성동구,509.3
"2012","01",성북구,428.2
"2012","01",송파구,570.0
"2012","01",양천구,413.7
"2012","01",영등포구,450.8
"2012","01",용산구,715.2
"2012","01",은평구,374.1
"2012","01",종로구,575.2
"2012","01",중구,540.6
"2012","01",중랑구,389.8
"2012","02",강남구,809.1
"2012","02",강동구,496.3
"2012","02",강북구,349.4
"2012","02",강서구,386.1
"2012","02",관악구,453.3
"2012","02",광진구,478.1
"2012","02",구로구,413.8
"2012","02",금천구,319.9
"2012","02",노원구,358.1
"2012","02",도봉구,327.7
"2012","02",동대문구,383.4
"2012","02",동작구,469.3
"2012","02",마포구,504.9
"2012","02",서대문구,447.6
"2012","02",서초구,625.9
"2012","02",성동구,509.7
"2012","02",성북구,438.5
"2012","02",송파구,588.1
"2012","02",양천구,406.9
"2012","02",영등포구,436.8
"2012","02",용산구,783.9
"2012","02",은평구,380.7
"2012","02",종로구,636.7
"2012","02",중구,521.9
"2012","02",중랑구,386.8
"2012","03",강남구,931.3
"2012","03",강동구,454.3
"2012","03",강북구,349.7
"2012","03",강서구,372.9
"2012","03",관악구,435.2
"2012","03",광진구,529.8
"2012","03",구로구,377.5
"2012","03",금천구,334.6
"2012","03",노원구,385.0
"2012","03",도봉구,327.2
"2012","03",동대문구,412.7
"2012","03",동작구,463.1
"2012","03",마포구,604.0
"2012","03",서대문구,424.8
"2012","03",서초구,671.3
"2012","03",성동구,492.0
"2012","03",성북구,418.7
"2012","03",송파구,540.8
"2012","03",양천구,419.4
"2012","03",영등포구,486.6
"2012","03",용산구,691.6
"2012","03",은평구,373.7
"2012","03",종로구,586.8
"2012","03",중구,526.6
"2012","03",중랑구,364.6
"2012","04",강남구,749.3
"2012","04",강동구,470.3
"2012","04",강북구,360.2
"2012","04",강서구,388.4
"2012","04",관악구,403.9
"2012","04",광진구,473.5
"2012","04",구로구,360.8
"2012","04",금천구,325.1
"2012","04",노원구,349.9
"2012","04",도봉구,342.6
"2012","04",동대문구,411.5
"2012","04",동작구,566.2
"2012","04",마포구,507.0
"2012","04",서대문구,469.6
"2012","04",서초구,649.3
"2012","04",성동구,531.4
"2012","04",성북구,416.0
"2012","04",송파구,643.5
"2012","04",양천구,390.0
"2012","04",영등포구,465.2
"2012","04",용산구,678.2
"2012","04",은평구,361.8
"2012","04",종로구,579.1
"2012","04",중구,608.4
"2012","04",중랑구,371.3
"2012","05",강남구,859.5
"2012","05",강동구,478.3
"2012","05",강북구,353.4
"2012","05",강서구,364.6
"2012","05",관악구,415.8
"2012","05",광진구,491.7
"2012","05",구로구,393.2
"2012","05",금천구,323.5
"2012","05",노원구,355.0
"2012","05",도봉구,333.3
"2012","05",동대문구,420.3
"2012","05",동작구,459.2
"2012","05",마포구,642.2
"2012","05",서대문구,432.8
"2012","05",서초구,696.8
"2012","05",성동구,483.1
"2012","05",성북구,383.0
"2012","05",송파구,573.4
"2012","05",양천구,428.0
"2012","05",영등포구,550.7
"2012","05",용산구,712.1
"2012","05",은평구,366.1
"2012","05",종로구,626.6
"2012","05",중구,599.8
"2012","05",중랑구,378.7
"2012","06",강남구,770.8
"2012","06",강동구,436.9
"2012","06",강북구,360.4
"2012","06",강서구,371.4
"2012","06",관악구,421.1
"2012","06",광진구,491.2
"2012","06",구로구,376.0
"2012","06",금천구,331.0
"2012","06",노원구,361.7
"2012","06",도봉구,326.6
"2012","06",동대문구,490.7
"2012","06",동작구,487.5
"2012","06",마포구,642.6
"2012","06",서대문구,426.1
"2012","06",서초구,715.6
"2012","06",성동구,465.8
"2012","06",성북구,409.4
"2012","06",송파구,565.7
"2012","06",양천구,408.0
"2012","06",영등포구,485.1
"2012","06",용산구,717.7
"2012","06",은평구,319.2
"2012","06",종로구,569.9
"2012","06",중구,498.6
"2012","06",중랑구,356.2
"2012","07",강남구,799.6
"2012","07",강동구,499.5
"2012","07",강북구,362.3
"2012","07",강서구,375.4
"2012","07",관악구,436.9
"2012","07",광진구,476.9
"2012","07",구로구,412.5
"2012","07",금천구,332.3
"2012","07",노원구,360.7
"2012","07",도봉구,333.0
"2012","07",동대문구,407.9
"2012","07",동작구,532.9
"2012","07",마포구,555.6
"2012","07",서대문구,412.4
"2012","07",서초구,680.7
"2012","07",성동구,481.5
"2012","07",성북구,418.4
"2012","07",송파구,618.2
"2012","07",양천구,393.4
"2012","07",영등포구,455.6
"2012","07",용산구,861.2
"2012","07",은평구,346.1
"2012","07",종로구,587.1
"2012","07",중구,570.4
"2012","07",중랑구,354.8
"2012","08",강남구,742.5
"2012","08",강동구,460.6
"2012","08",강북구,347.1
"2012","08",강서구,352.4
"2012","08",관악구,476.0
"2012","08",광진구,459.3
"2012","08",구로구,333.4
"2012","08",금천구,308.1
"2012","08",노원구,384.1
"2012","08",도봉구,335.6
"2012","08",동대문구,416.8
"2012","08",동작구,483.9
"2012","08",마포구,723.4
"2012","08",서대문구,407.1
"2012","08",서초구,776.3
"2012","08",성동구,434.7
"2012","08",성북구,405.6
"2012","08",송파구,565.4
"2012","08",양천구,419.1
"2012","08",영등포구,496.5
"2012","08",용산구,653.4
"2012","08",은평구,358.5
"2012","08",종로구,529.2
"2012","08",중구,506.4
"2012","08",중랑구,348.1
"2012","09",강남구,767.0
"2012","09",강동구,457.8
"2012","09",강북구,359.5
"2012","09",강서구,346.4
"2012","09",관악구,468.8
"2012","09",광진구,489.9
"2012","09",구로구,388.3
"2012","09",금천구,318.6
"2012","09",노원구,358.7
"2012","09",도봉구,334.9
"2012","09",동대문구,421.1
"2012","09",동작구,482.5
"2012","09",마포구,548.8
"2012","09",서대문구,407.6
"2012","09",서초구,620.5
"2012","09",성동구,482.2
"2012","09",성북구,370.0
"2012","09",송파구,558.2
"2012","09",양천구,375.7
"2012","09",영등포구,467.4
"2012","09",용산구,706.8
"2012","09",은평구,350.2
"2012","09",종로구,556.5
"2012","09",중구,559.6
"2012","09",중랑구,372.1
"2012","10",강남구,743.8
"2012","10",강동구,484.5
"2012","10",강북구,349.9
"2012","10",강서구,393.4
"2012","10",관악구,416.6
"2012","10",광진구,477.4
"2012","10",구로구,376.4
"2012","10",금천구,344.6
"2012","10",노원구,395.2
"2012","10",도봉구,316.7
"2012","10",동대문구,413.9
"2012","10",동작구,501.7
"2012","10",마포구,535.9
"2012","10",서대문구,428.7
"2012","10",서초구,665.5
"2012","10",성동구,454.5
"2012","10",성북구,420.2
"2012","10",송파구,508.6
"2012","10",양천구,413.5
"2012","10",영등포구,434.4
"2012","10",용산구,842.5
"2012","10",은평구,388.0
"2012","10",종로구,551.8
"2012","10",중구,480.0
"2012","10",중랑구,358.0
"2012","11",강남구,751.8
"2012","11",강동구,448.6
"2012","11",강북구,372.6
"2012","11",강서구,353.7
"2012","11",관악구,426.1
"2012","11",광진구,497.2
"2012","11",구로구,364.9
"2012","11",금천구,310.7
"2012","11",노원구,358.0
"2012","11",도봉구,319.8
"2012","11",동대문구,461.4
"2012","11",동작구,476.5
"2012","11",마포구,554.7
"2012","11",서대문구,433.7
"2012","11",서초구,600.8
"2012","11",성동구,445.9
"2012","11",성북구,377.2
"2012","11",송파구,548.0
"2012","11",양천구,384.6
"2012","11",영등포구,459.6
"2012","11",용산구,719.6
"2012","11",은평구,361.9
"2012","11",종로구,599.9
"2012","11",중구,513.0
"2012","11",중랑구,356.9
"2012","12",강남구,735.7
"2012","12",강동구,503.7
"2012","12",강북구,357.1
"2012","12",강서구,404.9
"2012","12",관악구,426.5
"2012","12",광진구,451.5
"2012","12",구로구,401.6
"2012","12",금천구,327.6
"2012","12",노원구,335.5
"2012","12",도봉구,320.9
"2012","12",동대문구,404.1
"2012","12",동작구,504.3
"2012","12",마포구,540.4
"2012","12",서대문구,409.2
"2012","12",서초구,626.3
"2012","12",성동구,449.8
"2012","12",성북구,412.3
"2012","12",송파구,556.7
"2012","12",양천구,395.5
"2012","12",영등포구,478.1
"2012","12",용산구,705.8
"2012","12",은평구,351.8
"2012","12",종로구,596.9
"2012","12",중구,551.7
"2012","12",중랑구,381.3
"2013","01",강남구,745.1
"2013","01",강동구,604.3
"2013","01",강북구,358.8
"2013","01",강서구,360.2
"2013","01",관악구,432.1
"2013","01",광진구,496.1
"2013","01",구로구,416.7
"2013","01",금천구,308.2
"2013","01",노원구,399.4
"2013","01",도봉구,311.3
"2013","01",동대문구,449.3
"2013","01",동작구,441.5
"2013","01",마포구,537.1
"2013","01",서대문구,432.8
"2013","01",서초구,569.6
"2013","01",성동구,471.0
"2013","01",성북구,413.9
"2013","01",송파구,524.9
"2013","01",양천구,403.1
"2013","01",영등포구,452.1
"2013","01",용산구,608.4
"2013","01",은평구,363.0
"2013","01",종로구,552.6
"2013","01",중구,636.2
"2013","01",중랑구,359.6
"2013","02",강남구,731.7
"2013","02",강동구,532.6
"2013","02",강북구,324.5
"2013","02",강서구,383.8
"2013","02",관악구,456.7
"2013","02",광진구,492.9
"2013","02",구로구,403.7
"2013","02",금천구,303.8
"2013","02",노원구,399.0
"2013","02",도봉구,332.1
"2013","02",동대문구,400.0
"2013","02",동작구,450.1
"2013","02",마포구,593.8
"2013","02",서대문구,427.6
"2013","02",서초구,595.2
"2013","02",성동구,531.8
"2013","02",성북구,422.5
"2013","02",송파구,550.3
"2013","02",양천구,394.8
"2013","02",영등포구,424.9
"2013","02",용산구,656.3
"2013","02",은평구,393.3
"2013","02",종로구,573.5
"2013","02",중구,478.3
"2013","02",중랑구,372.8
"2013","03",강남구,699.8
"2013","03",강동구,466.4
"2013","03",강북구,350.6
"2013","03",강서구,373.2
"2013","03",관악구,433.7
"2013","03",광진구,485.7
"2013","03",구로구,384.7
"2013","03",금천구,353.4
"2013","03",노원구,373.8
"2013","03",도봉구,304.0
"2013","03",동대문구,381.6
"2013","03",동작구,474.7
"2013","03",마포구,577.2
"2013","03",서대문구,418.3
"2013","03",서초구,647.8
"2013","03",성동구,465.3
"2013","03",성북구,411.1
"2013","03",송파구,531.3
"2013","03",양천구,413.3
"2013","03",영등포구,469.8
"2013","03",용산구,627.4
"2013","03",은평구,361.9
"2013","03",종로구,613.9
"2013","03",중구,505.5
"2013","03",중랑구,361.5
"2013","04",강남구,846.3
"2013","04",강동구,458.6
"2013","04",강북구,354.4
"2013","04",강서구,365.7
"2013","04",관악구,447.0
"2013","04",광진구,508.9
"2013","04",구로구,372.3
"2013","04",금천구,349.3
"2013","04",노원구,359.9
"2013","04",도봉구,353.9
"2013","04",동대문구,403.5
"2013","04",동작구,487.5
"2013","04",마포구,536.7
"2013","04",서대문구,409.9
"2013","04",서초구,675.7
"2013","04",성동구,435.7
"2013","04",성북구,456.7
"2013","04",송파구,548.2
"2013","04",양천구,449.1
"2013","04",영등포구,460.5
"2013","04",용산구,678.4
"2013","04",은평구,370.0
"2013","04",종로구,544.1
"2013","04",중구,714.8
"2013","04",중랑구,365.9
"2013","05",강남구,714.8
"2013","05",강동구,478.1
"2013","05",강북구,353.1
"2013","05",강서구,358.9
"2013","05",관악구,413.1
"2013","05",광진구,491.0
"2013","05",구로구,371.0
"2013","05",금천구,305.8
"2013","05",노원구,345.7
"2013","05",도봉구,322.9
"2013","05",동대문구,398.2
"2013","05",동작구,501.3
"2013","05",마포구,551.6
"2013","05",서대문구,444.8
"2013","05",서초구,627.4
"2013","05",성동구,487.6
"2013","05",성북구,417.1
"2013","05",송파구,544.1
"2013","05",양천구,409.4
"2013","05",영등포구,472.7
"2013","05",용산구,657.3
"2013","05",은평구,365.4
"2013","05",종로구,504.9
"2013","05",중구,565.3
"2013","05",중랑구,362.8
"2013","06",강남구,677.2
"2013","06",강동구,465.3
"2013","06",강북구,350.1
"2013","06",강서구,386.1
"2013","06",관악구,410.1
"2013","06",광진구,484.7
"2013","06",구로구,372.8
"2013","06",금천구,344.7
"2013","06",노원구,370.4
"2013","06",도봉구,314.8
"2013","06",동대문구,426.3
"2013","06",동작구,477.2
"2013","06",마포구,578.6
"2013","06",서대문구,413.3
"2013","06",서초구,642.1
"2013","06",성동구,463.6
"2013","06",성북구,399.0
"2013","06",송파구,546.4
"2013","06",양천구,376.4
"2013","06",영등포구,468.0
"2013","06",용산구,700.6
"2013","06",은평구,348.4
"2013","06",종로구,532.6
"2013","06",중구,605.0
"2013","06",중랑구,370.4
"2013","07",강남구,971.1
"2013","07",강동구,475.2
"2013","07",강북구,412.9
"2013","07",강서구,391.5
"2013","07",관악구,425.7
"2013","07",광진구,506.9
"2013","07",구로구,417.7
"2013","07",금천구,343.6
"2013","07",노원구,359.0
"2013","07",도봉구,341.1
"2013","07",동대문구,394.5
"2013","07",동작구,483.1
"2013","07",마포구,539.8
"2013","07",서대문구,435.6
"2013","07",서초구,697.2
"2013","07",성동구,448.9
"2013","07",성북구,400.2
"2013","07",송파구,547.1
"2013","07",양천구,391.4
"2013","07",영등포구,449.1
"2013","07",용산구,618.0
"2013","07",은평구,398.1
"2013","07",종로구,568.7
"2013","07",중구,578.4
"2013","07",중랑구,364.5
"2013","08",강남구,702.0
"2013","08",강동구,436.9
"2013","08",강북구,359.8
"2013","08",강서구,374.4
"2013","08",관악구,424.5
"2013","08",광진구,465.9
"2013","08",구로구,405.9
"2013","08",금천구,347.2
"2013","08",노원구,404.6
"2013","08",도봉구,321.4
"2013","08",동대문구,400.6
"2013","08",동작구,431.6
"2013","08",마포구,531.4
"2013","08",서대문구,415.7
"2013","08",서초구,700.6
"2013","08",성동구,465.2
"2013","08",성북구,420.5
"2013","08",송파구,532.6
"2013","08",양천구,377.5
"2013","08",영등포구,513.7
"2013","08",용산구,651.5
"2013","08",은평구,345.3
"2013","08",종로구,589.2
"2013","08",중구,540.9
"2013","08",중랑구,353.6
"2013","09",강남구,755.7
"2013","09",강동구,652.8
"2013","09",강북구,347.7
"2013","09",강서구,354.7
"2013","09",관악구,424.2
"2013","09",광진구,449.5
"2013","09",구로구,380.7
"2013","09",금천구,358.2
"2013","09",노원구,460.3
"2013","09",도봉구,320.4
"2013","09",동대문구,390.8
"2013","09",동작구,513.0
"2013","09",마포구,526.2
"2013","09",서대문구,425.6
"2013","09",서초구,669.5
"2013","09",성동구,500.2
"2013","09",성북구,416.1
"2013","09",송파구,623.2
"2013","09",양천구,405.2
"2013","09",영등포구,462.0
"2013","09",용산구,600.3
"2013","09",은평구,357.8
"2013","09",종로구,555.8
"2013","09",중구,530.3
"2013","09",중랑구,353.1
"2013","10",강남구,792.6
"2013","10",강동구,493.3
"2013","10",강북구,361.2
"2013","10",강서구,410.1
"2013","10",관악구,426.3
"2013","10",광진구,511.6
"2013","10",구로구,384.4
"2013","10",금천구,338.5
"2013","10",노원구,334.4
"2013","10",도봉구,316.8
"2013","10",동대문구,370.2
"2013","10",동작구,452.7
"2013","10",마포구,539.0
"2013","10",서대문구,409.3
"2013","10",서초구,707.4
"2013","10",성동구,475.7
"2013","10",성북구,399.7
"2013","10",송파구,580.2
"2013","10",양천구,395.4
"2013","10",영등포구,431.6
"2013","10",용산구,650.4
"2013","10",은평구,365.0
"2013","10",종로구,551.0
"2013","10",중구,558.5
"2013","10",중랑구,371.6
"2013","11",강남구,733.7
"2013","11",강동구,452.8
"2013","11",강북구,350.6
"2013","11",강서구,409.5
"2013","11",관악구,438.4
"2013","11",광진구,473.5
"2013","11",구로구,390.1
"2013","11",금천구,352.5
"2013","11",노원구,373.2
"2013","11",도봉구,319.6
"2013","11",동대문구,408.9
"2013","11",동작구,436.7
"2013","11",마포구,539.6
"2013","11",서대문구,420.8
"2013","11",서초구,623.4
"2013","11",성동구,461.5
"2013","11",성북구,399.9
"2013","11",송파구,560.4
"2013","11",양천구,432.7
"2013","11",영등포구,455.4
"2013","11",용산구,704.1
"2013","11",은평구,391.0
"2013","11",종로구,597.1
"2013","11",중구,671.0
"2013","11",중랑구,357.2
"2013","12",강남구,752.0
"2013","12",강동구,474.4
"2013","12",강북구,353.4
"2013","12",강서구,393.2
"2013","12",관악구,386.9
"2013","12",광진구,505.3
"2013","12",구로구,396.8
"2013","12",금천구,446.0
"2013","12",노원구,408.2
"2013","12",도봉구,362.3
"2013","12",동대문구,420.8
"2013","12",동작구,462.4
"2013","12",마포구,568.4
"2013","12",서대문구,434.7
"2013","12",서초구,695.1
"2013","12",성동구,465.4
"2013","12",성북구,426.5
"2013","12",송파구,563.2
"2013","12",양천구,409.2
"2013","12",영등포구,430.4
"2013","12",용산구,668.8
"2013","12",은평구,403.7
"2013","12",종로구,620.1
"2013","12",중구,558.8
"2013","12",중랑구,391.2
"2014","01",강남구,799.7
"2014","01",강동구,439.4
"2014","01",강북구,366.9
"2014","01",강서구,375.6
"2014","01",관악구,454.1
"2014","01",광진구,511.2
"2014","01",구로구,397.2
"2014","01",금천구,389.0
"2014","01",노원구,369.5
"2014","01",도봉구,303.9
"2014","01",동대문구,518.6
"2014","01",동작구,499.9
"2014","01",마포구,575.3
"2014","01",서대문구,433.7
"2014","01",서초구,623.2
"2014","01",성동구,516.5
"2014","01",성북구,441.3
"2014","01",송파구,562.2
"2014","01",양천구,410.4
"2014","01",영등포구,481.6
"2014","01",용산구,709.6
"2014","01",은평구,387.1
"2014","01",종로구,545.8
"2014","01",중구,538.3
"2014","01",중랑구,366.0
"2014","02",강남구,874.1
"2014","02",강동구,454.7
"2014","02",강북구,352.1
"2014","02",강서구,401.3
"2014","02",관악구,423.2
"2014","02",광진구,531.2
"2014","02",구로구,377.0
"2014","02",금천구,370.8
"2014","02",노원구,441.2
"2014","02",도봉구,337.8
"2014","02",동대문구,408.4
"2014","02",동작구,463.3
"2014","02",마포구,575.7
"2014","02",서대문구,447.3
"2014","02",서초구,674.2
"2014","02",성동구,511.7
"2014","02",성북구,405.2
"2014","02",송파구,577.8
"2014","02",양천구,429.7
"2014","02",영등포구,492.9
"2014","02",용산구,738.4
"2014","02",은평구,360.8
"2014","02",종로구,536.3
"2014","02",중구,577.8
"2014","02",중랑구,380.3
"2014","03",강남구,708.1
"2014","03",강동구,474.4
"2014","03",강북구,343.9
"2014","03",강서구,393.3
"2014","03",관악구,456.2
"2014","03",광진구,485.3
"2014","03",구로구,368.1
"2014","03",금천구,378.2
"2014","03",노원구,365.0
"2014","03",도봉구,341.8
"2014","03",동대문구,389.5
"2014","03",동작구,456.6
"2014","03",마포구,544.7
"2014","03",서대문구,411.6
"2014","03",서초구,652.6
"2014","03",성동구,537.5
"2014","03",성북구,419.1
"2014","03",송파구,542.8
"2014","03",양천구,407.1
"2014","03",영등포구,461.6
"2014","03",용산구,676.3
"2014","03",은평구,363.8
"2014","03",종로구,564.4
"2014","03",중구,601.1
"2014","03",중랑구,371.4
"2014","04",강남구,785.9
"2014","04",강동구,451.9
"2014","04",강북구,343.4
"2014","04",강서구,374.8
"2014","04",관악구,419.2
"2014","04",광진구,498.1
"2014","04",구로구,386.4
"2014","04",금천구,377.3
"2014","04",노원구,369.2
"2014","04",도봉구,325.0
"2014","04",동대문구,413.2
"2014","04",동작구,490.4
"2014","04",마포구,569.9
"2014","04",서대문구,420.7
"2014","04",서초구,657.6
"2014","04",성동구,533.0
"2014","04",성북구,420.5
"2014","04",송파구,558.3
"2014","04",양천구,410.5
"2014","04",영등포구,479.0
"2014","04",용산구,775.0
"2014","04",은평구,363.2
"2014","04",종로구,572.3
"2014","04",중구,586.0
"2014","04",중랑구,396.2
"2014","05",강남구,730.1
"2014","05",강동구,471.3
"2014","05",강북구,362.4
"2014","05",강서구,355.9
"2014","05",관악구,445.2
"2014","05",광진구,500.4
"2014","05",구로구,398.3
"2014","05",금천구,352.4
"2014","05",노원구,363.6
"2014","05",도봉구,327.9
"2014","05",동대문구,414.5
"2014","05",동작구,486.1
"2014","05",마포구,541.5
"2014","05",서대문구,474.2
"2014","05",서초구,674.8
"2014","05",성동구,472.3
"2014","05",성북구,424.9
"2014","05",송파구,539.9
"2014","05",양천구,393.0
"2014","05",영등포구,440.3
"2014","05",용산구,660.1
"2014","05",은평구,395.9
"2014","05",종로구,590.2
"2014","05",중구,552.6
"2014","05",중랑구,360.2
"2014","06",강남구,840.5
"2014","06",강동구,450.1
"2014","06",강북구,367.8
"2014","06",강서구,367.4
"2014","06",관악구,465.0
"2014","06",광진구,504.9
"2014","06",구로구,394.1
"2014","06",금천구,351.1
"2014","06",노원구,390.1
"2014","06",도봉구,309.4
"2014","06",동대문구,417.2
"2014","06",동작구,476.6
"2014","06",마포구,533.5
"2014","06",서대문구,434.2
"2014","06",서초구,736.4
"2014","06",성동구,451.1
"2014","06",성북구,479.4
"2014","06",송파구,525.5
"2014","06",양천구,387.0
"2014","06",영등포구,474.6
"2014","06",용산구,716.1
"2014","06",은평구,386.2
"2014","06",종로구,645.0
"2014","06",중구,472.1
"2014","06",중랑구,365.3
"2014","07",강남구,771.6
"2014","07",강동구,483.7
"2014","07",강북구,354.5
"2014","07",강서구,365.1
"2014","07",관악구,439.9
"2014","07",광진구,504.3
"2014","07",구로구,388.7
"2014","07",금천구,415.7
"2014","07",노원구,397.3
"2014","07",도봉구,347.2
"2014","07",동대문구,441.7
"2014","07",동작구,486.9
"2014","07",마포구,568.5
"2014","07",서대문구,436.2
"2014","07",서초구,671.3
"2014","07",성동구,571.7
"2014","07",성북구,420.6
"2014","07",송파구,563.5
"2014","07",양천구,402.3
"2014","07",영등포구,485.0
"2014","07",용산구,707.6
"2014","07",은평구,404.8
"2014","07",종로구,596.8
"2014","07",중구,583.5
"2014","07",중랑구,389.8
"2014","08",강남구,804.2
"2014","08",강동구,459.6
"2014","08",강북구,342.2
"2014","08",강서구,377.0
"2014","08",관악구,434.6
"2014","08",광진구,504.7
"2014","08",구로구,407.0
"2014","08",금천구,420.8
"2014","08",노원구,408.2
"2014","08",도봉구,317.0
"2014","08",동대문구,430.7
"2014","08",동작구,450.6
"2014","08",마포구,545.0
"2014","08",서대문구,464.8
"2014","08",서초구,661.0
"2014","08",성동구,540.9
"2014","08",성북구,416.6
"2014","08",송파구,546.6
"2014","08",양천구,419.2
"2014","08",영등포구,489.9
"2014","08",용산구,713.8
"2014","08",은평구,402.6
"2014","08",종로구,566.4
"2014","08",중구,561.2
"2014","08",중랑구,401.1
"2014","09",강남구,824.5
"2014","09",강동구,463.6
"2014","09",강북구,362.0
"2014","09",강서구,385.1
"2014","09",관악구,423.0
"2014","09",광진구,489.0
"2014","09",구로구,395.4
"2014","09",금천구,436.7
"2014","09",노원구,366.7
"2014","09",도봉구,328.6
"2014","09",동대문구,419.4
"2014","09",동작구,472.6
"2014","09",마포구,566.7
"2014","09",서대문구,463.0
"2014","09",서초구,694.3
"2014","09",성동구,523.6
"2014","09",성북구,433.7
"2014","09",송파구,584.3
"2014","09",양천구,458.9
"2014","09",영등포구,469.4
"2014","09",용산구,730.1
"2014","09",은평구,399.0
"2014","09",종로구,644.5
"2014","09",중구,614.1
"2014","09",중랑구,401.8
"2014","10",강남구,758.3
"2014","10",강동구,481.8
"2014","10",강북구,357.3
"2014","10",강서구,393.9
"2014","10",관악구,445.4
"2014","10",광진구,524.1
"2014","10",구로구,391.3
"2014","10",금천구,426.8
"2014","10",노원구,381.1
"2014","10",도봉구,324.9
"2014","10",동대문구,430.9
"2014","10",동작구,517.3
"2014","10",마포구,566.6
"2014","10",서대문구,451.6
"2014","10",서초구,662.9
"2014","10",성동구,549.3
"2014","10",성북구,421.6
"2014","10",송파구,540.9
"2014","10",양천구,418.4
"2014","10",영등포구,484.0
"2014","10",용산구,681.2
"2014","10",은평구,431.1
"2014","10",종로구,623.4
"2014","10",중구,588.9
"2014","10",중랑구,381.2
"2014","11",강남구,754.6
"2014","11",강동구,481.3
"2014","11",강북구,356.2
"2014","11",강서구,408.1
"2014","11",관악구,448.3
"2014","11",광진구,575.9
"2014","11",구로구,402.8
"2014","11",금천구,400.4
"2014","11",노원구,366.4
"2014","11",도봉구,321.7
"2014","11",동대문구,436.4
"2014","11",동작구,520.2
"2014","11",마포구,567.6
"2014","11",서대문구,488.5
"2014","11",서초구,669.1
"2014","11",성동구,516.7
"2014","11",성북구,478.6
"2014","11",송파구,540.7
"2014","11",양천구,428.5
"2014","11",영등포구,460.3
"2014","11",용산구,698.9
"2014","11",은평구,428.0
"2014","11",종로구,597.6
"2014","11",중구,607.6
"2014","11",중랑구,375.2
"2014","12",강남구,736.1
"2014","12",강동구,505.6
"2014","12",강북구,373.1
"2014","12",강서구,391.0
"2014","12",관악구,450.5
"2014","12",광진구,528.0
"2014","12",구로구,390.3
"2014","12",금천구,434.9
"2014","12",노원구,381.1
"2014","12",도봉구,335.0
"2014","12",동대문구,424.0
"2014","12",동작구,478.4
"2014","12",마포구,592.7
"2014","12",서대문구,475.5
"2014","12",서초구,683.0
"2014","12",성동구,511.2
"2014","12",성북구,427.7
"2014","12",송파구,575.5
"2014","12",양천구,423.2
"2014","12",영등포구,476.1
"2014","12",용산구,728.8
"2014","12",은평구,446.5
"2014","12",종로구,626.8
"2014","12",중구,866.2
"2014","12",중랑구,393.0
"2015","01",강남구,731.1
"2015","01",강동구,463.8
"2015","01",강북구,360.1
"2015","01",강서구,388.8
"2015","01",관악구,451.2
"2015","01",광진구,526.4
"2015","01",구로구,388.8
"2015","01",금천구,442.4
"2015","01",노원구,368.7
"2015","01",도봉구,336.4
"2015","01",동대문구,427.3
"2015","01",동작구,527.3
"2015","01",마포구,544.2
"2015","01",서대문구,470.0
"2015","01",서초구,718.0
"2015","01",성동구,520.4
"2015","01",성북구,442.5
"2015","01",송파구,569.2
"2015","01",양천구,419.2
"2015","01",영등포구,504.0
"2015","01",용산구,794.9
"2015","01",은평구,436.4
"2015","01",종로구,656.1
"2015","01",중구,666.2
"2015","01",중랑구,390.4
"2015","02",강남구,811.9
"2015","02",강동구,487.4
"2015","02",강북구,373.9
"2015","02",강서구,394.0
"2015","02",관악구,462.5
"2015","02",광진구,533.1
"2015","02",구로구,380.0
"2015","02",금천구,433.5
"2015","02",노원구,364.4
"2015","02",도봉구,325.0
"2015","02",동대문구,440.4
"2015","02",동작구,520.6
"2015","02",마포구,647.2
"2015","02",서대문구,457.6
"2015","02",서초구,747.9
"2015","02",성동구,502.3
"2015","02",성북구,499.2
"2015","02",송파구,575.8
"2015","02",양천구,420.8
"2015","02",영등포구,472.2
"2015","02",용산구,773.2
"2015","02",은평구,433.8
"2015","02",종로구,568.0
"2015","02",중구,600.1
"2015","02",중랑구,374.5
"2015","03",강남구,812.7
"2015","03",강동구,478.7
"2015","03",강북구,379.2
"2015","03",강서구,402.7
"2015","03",관악구,433.8
"2015","03",광진구,523.0
"2015","03",구로구,393.0
"2015","03",금천구,404.0
"2015","03",노원구,396.9
"2015","03",도봉구,332.3
"2015","03",동대문구,445.5
"2015","03",동작구,488.4
"2015","03",마포구,571.8
"2015","03",서대문구,446.6
"2015","03",서초구,715.9
"2015","03",성동구,552.4
"2015","03",성북구,458.6
"2015","03",송파구,557.8
"2015","03",양천구,450.5
"2015","03",영등포구,459.1
"2015","03",용산구,744.1
"2015","03",은평구,418.0
"2015","03",종로구,625.1
"2015","03",중구,605.9
"2015","03",중랑구,394.4
"2015","04",강남구,795.8
"2015","04",강동구,489.3
"2015","04",강북구,395.1
"2015","04",강서구,410.1
"2015","04",관악구,447.8
"2015","04",광진구,508.2
"2015","04",구로구,388.7
"2015","04",금천구,390.5
"2015","04",노원구,364.8
"2015","04",도봉구,318.9
"2015","04",동대문구,446.2
"2015","04",동작구,477.9
"2015","04",마포구,604.1
"2015","04",서대문구,475.4
"2015","04",서초구,733.6
"2015","04",성동구,538.7
"2015","04",성북구,442.5
"2015","04",송파구,588.5
"2015","04",양천구,434.4
"2015","04",영등포구,457.3
"2015","04",용산구,769.8
"2015","04",은평구,407.3
"2015","04",종로구,615.1
"2015","04",중구,605.2
"2015","04",중랑구,387.1
"2015","05",강남구,804.9
"2015","05",강동구,482.7
"2015","05",강북구,378.9
"2015","05",강서구,395.5
"2015","05",관악구,439.2
"2015","05",광진구,534.4
"2015","05",구로구,384.9
"2015","05",금천구,411.2
"2015","05",노원구,437.2
"2015","05",도봉구,354.9
"2015","05",동대문구,426.4
"2015","05",동작구,501.1
"2015","05",마포구,591.8
"2015","05",서대문구,450.2
"2015","05",서초구,719.2
"2015","05",성동구,548.2
"2015","05",성북구,445.2
"2015","05",송파구,638.9
"2015","05",양천구,440.3
"2015","05",영등포구,457.4
"2015","05",용산구,759.2
"2015","05",은평구,432.5
"2015","05",종로구,665.4
"2015","05",중구,634.0
"2015","05",중랑구,385.4
"2015","06",강남구,817.1
"2015","06",강동구,482.1
"2015","06",강북구,386.4
"2015","06",강서구,394.5
"2015","06",관악구,462.7
"2015","06",광진구,553.4
"2015","06",구로구,390.9
"2015","06",금천구,425.3
"2015","06",노원구,366.6
"2015","06",도봉구,348.0
"2015","06",동대문구,452.0
"2015","06",동작구,471.2
"2015","06",마포구,612.5
"2015","06",서대문구,493.7
"2015","06",서초구,751.0
"2015","06",성동구,499.2
"2015","06",성북구,492.4
"2015","06",송파구,587.2
"2015","06",양천구,432.0
"2015","06",영등포구,502.6
"2015","06",용산구,778.5
"2015","06",은평구,421.7
"2015","06",종로구,602.3
"2015","06",중구,693.3
"2015","06",중랑구,398.2
"2015","07",강남구,846.0
"2015","07",강동구,513.2
"2015","07",강북구,379.1
"2015","07",강서구,391.3
"2015","07",관악구,432.6
"2015","07",광진구,563.8
"2015","07",구로구,403.8
"2015","07",금천구,394.8
"2015","07",노원구,388.8
"2015","07",도봉구,341.0
"2015","07",동대문구,471.8
"2015","07",동작구,502.6
"2015","07",마포구,600.1
"2015","07",서대문구,481.5
"2015","07",서초구,734.0
"2015","07",성동구,518.9
"2015","07",성북구,437.6
"2015","07",송파구,564.8
"2015","07",양천구,442.2
"2015","07",영등포구,461.4
"2015","07",용산구,728.0
"2015","07",은평구,466.7
"2015","07",종로구,594.8
"2015","07",중구,636.6
"2015","07",중랑구,374.7
"2015","08",강남구,782.7
"2015","08",강동구,504.4
"2015","08",강북구,369.4
"2015","08",강서구,415.5
"2015","08",관악구,441.9
"2015","08",광진구,527.9
"2015","08",구로구,415.4
"2015","08",금천구,379.2
"2015","08",노원구,383.0
"2015","08",도봉구,338.3
"2015","08",동대문구,499.7
"2015","08",동작구,602.0
"2015","08",마포구,607.4
"2015","08",서대문구,446.5
"2015","08",서초구,746.4
"2015","08",성동구,533.1
"2015","08",성북구,438.5
"2015","08",송파구,585.9
"2015","08",양천구,444.1
"2015","08",영등포구,482.0
"2015","08",용산구,721.1
"2015","08",은평구,424.8
"2015","08",종로구,588.9
"2015","08",중구,554.5
"2015","08",중랑구,391.3
"2015","09",강남구,841.3
"2015","09",강동구,517.4
"2015","09",강북구,393.4
"2015","09",강서구,392.8
"2015","09",관악구,445.5
"2015","09",광진구,540.1
"2015","09",구로구,406.5
"2015","09",금천구,377.5
"2015","09",노원구,390.8
"2015","09",도봉구,349.9
"2015","09",동대문구,464.2
"2015","09",동작구,656.9
"2015","09",마포구,603.1
"2015","09",서대문구,483.6
"2015","09",서초구,738.8
"2015","09",성동구,559.8
"2015","09",성북구,433.9
"2015","09",송파구,596.3
"2015","09",양천구,495.9
"2015","09",영등포구,480.1
"2015","09",용산구,743.8
"2015","09",은평구,433.2
"2015","09",종로구,622.1
"2015","09",중구,636.8
"2015","09",중랑구,397.6
"2015","10",강남구,872.3
"2015","10",강동구,499.7
"2015","10",강북구,380.3
"2015","10",강서구,416.2
"2015","10",관악구,437.1
"2015","10",광진구,547.8
"2015","10",구로구,422.1
"2015","10",금천구,424.4
"2015","10",노원구,381.0
"2015","10",도봉구,345.0
"2015","10",동대문구,460.9
"2015","10",동작구,599.1
"2015","10",마포구,602.7
"2015","10",서대문구,464.5
"2015","10",서초구,779.8
"2015","10",성동구,534.2
"2015","10",성북구,477.5
"2015","10",송파구,616.7
"2015","10",양천구,464.5
"2015","10",영등포구,485.0
"2015","10",용산구,742.2
"2015","10",은평구,418.3
"2015","10",종로구,590.4
"2015","10",중구,622.5
"2015","10",중랑구,416.4
"2015","11",강남구,855.5
"2015","11",강동구,512.7
"2015","11",강북구,379.2
"2015","11",강서구,415.4
"2015","11",관악구,444.8
"2015","11",광진구,563.8
"2015","11",구로구,421.5
"2015","11",금천구,435.5
"2015","11",노원구,396.7
"2015","11",도봉구,345.6
"2015","11",동대문구,478.6
"2015","11",동작구,602.2
"2015","11",마포구,624.6
"2015","11",서대문구,487.2
"2015","11",서초구,768.9
"2015","11",성동구,570.8
"2015","11",성북구,466.9
"2015","11",송파구,628.7
"2015","11",양천구,463.8
"2015","11",영등포구,505.8
"2015","11",용산구,717.0
"2015","11",은평구,436.8
"2015","11",종로구,556.0
"2015","11",중구,598.2
"2015","11",중랑구,417.9
"2015","12",강남구,870.9
"2015","12",강동구,540.9
"2015","12",강북구,391.9
"2015","12",강서구,447.0
"2015","12",관악구,499.1
"2015","12",광진구,549.4
"2015","12",구로구,415.8
"2015","12",금천구,412.9
"2015","12",노원구,388.4
"2015","12",도봉구,367.1
"2015","12",동대문구,481.2
"2015","12",동작구,579.1
"2015","12",마포구,624.8
"2015","12",서대문구,520.2
"2015","12",서초구,758.1
"2015","12",성동구,577.9
"2015","12",성북구,477.4
"2015","12",송파구,595.0
"2015","12",양천구,455.1
"2015","12",영등포구,486.3
"2015","12",용산구,774.8
"2015","12",은평구,443.6
"2015","12",종로구,605.1
"2015","12",중구,698.1
"2015","12",중랑구,421.3
"2016","01",강남구,915.6
"2016","01",강동구,518.4
"2016","01",강북구,408.0
"2016","01",강서구,410.4
"2016","01",관악구,497.7
"2016","01",광진구,557.6
"2016","01",구로구,425.6
"2016","01",금천구,425.3
"2016","01",노원구,390.7
"2016","01",도봉구,366.8
"2016","01",동대문구,466.4
"2016","01",동작구,511.7
"2016","01",마포구,582.2
"2016","01",서대문구,477.7
"2016","01",서초구,772.7
"2016","01",성동구,553.0
"2016","01",성북구,446.4
"2016","01",송파구,590.3
"2016","01",양천구,442.9
"2016","01",영등포구,477.6
"2016","01",용산구,721.0
"2016","01",은평구,419.1
"2016","01",종로구,614.6
"2016","01",중구,667.3
"2016","01",중랑구,428.3
"2016","02",강남구,891.9
"2016","02",강동구,522.5
"2016","02",강북구,422.3
"2016","02",강서구,403.9
"2016","02",관악구,463.3
"2016","02",광진구,572.2
"2016","02",구로구,434.5
"2016","02",금천구,395.7
"2016","02",노원구,401.6
"2016","02",도봉구,347.5
"2016","02",동대문구,499.7
"2016","02",동작구,537.4
"2016","02",마포구,574.0
"2016","02",서대문구,560.7
"2016","02",서초구,778.7
"2016","02",성동구,584.4
"2016","02",성북구,528.6
"2016","02",송파구,576.0
"2016","02",양천구,449.3
"2016","02",영등포구,510.8
"2016","02",용산구,767.2
"2016","02",은평구,424.2
"2016","02",종로구,597.5
"2016","02",중구,629.6
"2016","02",중랑구,426.9
"2016","03",강남구,868.3
"2016","03",강동구,523.4
"2016","03",강북구,389.4
"2016","03",강서구,444.3
"2016","03",관악구,481.8
"2016","03",광진구,547.4
"2016","03",구로구,405.8
"2016","03",금천구,417.5
"2016","03",노원구,377.8
"2016","03",도봉구,362.8
"2016","03",동대문구,476.3
"2016","03",동작구,566.7
"2016","03",마포구,599.6
"2016","03",서대문구,543.4
"2016","03",서초구,824.6
"2016","03",성동구,603.3
"2016","03",성북구,430.6
"2016","03",송파구,621.3
"2016","03",양천구,421.2
"2016","03",영등포구,506.4
"2016","03",용산구,776.1
"2016","03",은평구,444.6
"2016","03",종로구,671.7
"2016","03",중구,645.6
"2016","03",중랑구,417.7
"2016","04",강남구,871.6
"2016","04",강동구,553.8
"2016","04",강북구,396.7
"2016","04",강서구,426.8
"2016","04",관악구,484.2
"2016","04",광진구,556.7
"2016","04",구로구,407.6
"2016","04",금천구,409.7
"2016","04",노원구,392.2
"2016","04",도봉구,379.1
"2016","04",동대문구,451.2
"2016","04",동작구,560.6
"2016","04",마포구,623.4
"2016","04",서대문구,494.9
"2016","04",서초구,779.7
"2016","04",성동구,566.6
"2016","04",성북구,497.5
"2016","04",송파구,622.2
"2016","04",양천구,470.9
"2016","04",영등포구,510.5
"2016","04",용산구,791.4
"2016","04",은평구,441.0
"2016","04",종로구,631.6
"2016","04",중구,635.5
"2016","04",중랑구,422.0
"2016","05",강남구,877.2
"2016","05",강동구,554.8
"2016","05",강북구,397.9
"2016","05",강서구,468.3
"2016","05",관악구,455.5
"2016","05",광진구,576.3
"2016","05",구로구,422.2
"2016","05",금천구,434.6
"2016","05",노원구,411.8
"2016","05",도봉구,359.5
"2016","05",동대문구,479.2
"2016","05",동작구,612.7
"2016","05",마포구,626.3
"2016","05",서대문구,511.0
"2016","05",서초구,819.1
"2016","05",성동구,612.9
"2016","05",성북구,474.6
"2016","05",송파구,678.0
"2016","05",양천구,452.8
"2016","05",영등포구,512.4
"2016","05",용산구,824.3
"2016","05",은평구,425.9
"2016","05",종로구,665.3
"2016","05",중구,609.5
"2016","05",중랑구,432.1
"2016","06",강남구,894.5
"2016","06",강동구,539.6
"2016","06",강북구,402.4
"2016","06",강서구,433.6
"2016","06",관악구,490.1
"2016","06",광진구,570.0
"2016","06",구로구,431.7
"2016","06",금천구,392.5
"2016","06",노원구,394.2
"2016","06",도봉구,356.4
"2016","06",동대문구,473.1
"2016","06",동작구,577.3
"2016","06",마포구,625.9
"2016","06",서대문구,523.1
"2016","06",서초구,803.8
"2016","06",성동구,612.5
"2016","06",성북구,499.9
"2016","06",송파구,646.7
"2016","06",양천구,488.7
"2016","06",영등포구,495.9
"2016","06",용산구,827.3
"2016","06",은평구,432.7
"2016","06",종로구,623.2
"2016","06",중구,712.2
"2016","06",중랑구,430.3
"2016","07",강남구,915.5
"2016","07",강동구,555.7
"2016","07",강북구,400.8
"2016","07",강서구,449.3
"2016","07",관악구,498.6
"2016","07",광진구,565.2
"2016","07",구로구,441.4
"2016","07",금천구,406.6
"2016","07",노원구,405.4
"2016","07",도봉구,373.2
"2016","07",동대문구,490.6
"2016","07",동작구,570.9
"2016","07",마포구,669.9
"2016","07",서대문구,546.4
"2016","07",서초구,799.8
"2016","07",성동구,572.3
"2016","07",성북구,502.0
"2016","07",송파구,644.2
"2016","07",양천구,463.1
"2016","07",영등포구,510.2
"2016","07",용산구,842.7
"2016","07",은평구,430.5
"2016","07",종로구,624.1
"2016","07",중구,678.1
"2016","07",중랑구,422.7
"2016","08",강남구,921.0
"2016","08",강동구,545.4
"2016","08",강북구,420.9
"2016","08",강서구,459.1
"2016","08",관악구,505.5
"2016","08",광진구,553.7
"2016","08",구로구,468.5
"2016","08",금천구,416.0
"2016","08",노원구,414.0
"2016","08",도봉구,374.9
"2016","08",동대문구,523.2
"2016","08",동작구,529.5
"2016","08",마포구,679.1
"2016","08",서대문구,514.3
"2016","08",서초구,847.3
"2016","08",성동구,628.4
"2016","08",성북구,537.7
"2016","08",송파구,652.9
"2016","08",양천구,498.1
"2016","08",영등포구,538.6
"2016","08",용산구,879.7
"2016","08",은평구,436.4
"2016","08",종로구,639.8
"2016","08",중구,662.8
"2016","08",중랑구,431.0
"2016","09",강남구,934.3
"2016","09",강동구,541.6
"2016","09",강북구,437.0
"2016","09",강서구,480.8
"2016","09",관악구,495.4
"2016","09",광진구,592.5
"2016","09",구로구,445.4
"2016","09",금천구,415.5
"2016","09",노원구,428.9
"2016","09",도봉구,365.9
"2016","09",동대문구,497.1
"2016","09",동작구,605.0
"2016","09",마포구,704.1
"2016","09",서대문구,541.8
"2016","09",서초구,864.4
"2016","09",성동구,626.9
"2016","09",성북구,457.9
"2016","09",송파구,683.3
"2016","09",양천구,493.6
"2016","09",영등포구,567.1
"2016","09",용산구,829.3
"2016","09",은평구,442.3
"2016","09",종로구,666.9
"2016","09",중구,636.0
"2016","09",중랑구,439.6
"2016","10",강남구,1020.7
"2016","10",강동구,564.6
"2016","10",강북구,445.6
"2016","10",강서구,478.0
"2016","10",관악구,485.6
"2016","10",광진구,605.4
"2016","10",구로구,456.0
"2016","10",금천구,420.8
"2016","10",노원구,440.1
"2016","10",도봉구,373.3
"2016","10",동대문구,504.9
"2016","10",동작구,586.2
"2016","10",마포구,684.8
"2016","10",서대문구,539.0
"2016","10",서초구,866.7
"2016","10",성동구,632.1
"2016","10",성북구,488.8
"2016","10",송파구,664.5
"2016","10",양천구,491.4
"2016","10",영등포구,564.3
"2016","10",용산구,844.9
"2016","10",은평구,471.7
"2016","10",종로구,662.5
"2016","10",중구,585.3
"2016","10",중랑구,431.4
"2016","11",강남구,872.1
"2016","11",강동구,538.5
"2016","11",강북구,412.9
"2016","11",강서구,443.9
"2016","11",관악구,539.5
"2016","11",광진구,610.1
"2016","11",구로구,432.9
"2016","11",금천구,441.1
"2016","11",노원구,432.3
"2016","11",도봉구,394.6
"2016","11",동대문구,504.4
"2016","11",동작구,557.9
"2016","11",마포구,744.1
"2016","11",서대문구,540.8
"2016","11",서초구,849.8
"2016","11",성동구,605.4
"2016","11",성북구,529.6
"2016","11",송파구,639.4
"2016","11",양천구,432.5
"2016","11",영등포구,541.9
"2016","11",용산구,903.5
"2016","11",은평구,458.3
"2016","11",종로구,658.7
"2016","11",중구,638.7
"2016","11",중랑구,448.3
"2016","12",강남구,981.3
"2016","12",강동구,564.6
"2016","12",강북구,450.2
"2016","12",강서구,452.4
"2016","12",관악구,495.8
"2016","12",광진구,592.8
"2016","12",구로구,447.4
"2016","12",금천구,426.2
"2016","12",노원구,421.9
"2016","12",도봉구,370.1
"2016","12",동대문구,523.1
"2016","12",동작구,623.2
"2016","12",마포구,778.0
"2016","12",서대문구,535.3
"2016","12",서초구,815.8
"2016","12",성동구,587.1
"2016","12",성북구,505.1
"2016","12",송파구,636.0
"2016","12",양천구,463.6
"2016","12",영등포구,541.3
"2016","12",용산구,853.1
"2016","12",은평구,485.0
"2016","12",종로구,667.0
"2016","12",중구,598.7
"2016","12",중랑구,462.2
"2017","01",강남구,926.8
"2017","01",강동구,578.5
"2017","01",강북구,423.5
"2017","01",강서구,445.8
"2017","01",관악구,523.9
"2017","01",광진구,568.4
"2017","01",구로구,471.4
"2017","01",금천구,453.4
"2017","01",노원구,429.0
"2017","01",도봉구,376.8
"2017","01",동대문구,531.5
"2017","01",동작구,602.1
"2017","01",마포구,690.6
"2017","01",서대문구,562.4
"2017","01",서초구,871.1
"2017","01",성동구,627.1
"2017","01",성북구,540.0
"2017","01",송파구,676.8
"2017","01",양천구,460.9
"2017","01",영등포구,563.5
"2017","01",용산구,825.3
"2017","01",은평구,487.7
"2017","01",종로구,696.6
"2017","01",중구,899.5
"2017","01",중랑구,435.2
"2017","02",강남구,964.0
"2017","02",강동구,569.2
"2017","02",강북구,423.4
"2017","02",강서구,459.1
"2017","02",관악구,532.6
"2017","02",광진구,603.7
"2017","02",구로구,450.4
"2017","02",금천구,427.1
"2017","02",노원구,477.5
"2017","02",도봉구,371.8
"2017","02",동대문구,517.8
"2017","02",동작구,660.2
"2017","02",마포구,735.4
"2017","02",서대문구,539.9
"2017","02",서초구,869.7
"2017","02",성동구,630.4
"2017","02",성북구,550.8
"2017","02",송파구,665.9
"2017","02",양천구,477.8
"2017","02",영등포구,574.9
"2017","02",용산구,944.7
"2017","02",은평구,491.5
"2017","02",종로구,679.5
"2017","02",중구,784.3
"2017","02",중랑구,421.9
"2017","03",강남구,1003.2
"2017","03",강동구,625.5
"2017","03",강북구,410.6
"2017","03",강서구,472.5
"2017","03",관악구,548.3
"2017","03",광진구,511.0
"2017","03",구로구,470.4
"2017","03",금천구,419.8
"2017","03",노원구,428.5
"2017","03",도봉구,381.6
"2017","03",동대문구,542.9
"2017","03",동작구,618.4
"2017","03",마포구,748.9
"2017","03",서대문구,534.5
"2017","03",서초구,842.7
"2017","03",성동구,658.8
"2017","03",성북구,505.4
"2017","03",송파구,665.6
"2017","03",양천구,501.6
"2017","03",영등포구,606.5
"2017","03",용산구,863.5
"2017","03",은평구,470.9
"2017","03",종로구,674.7
"2017","03",중구,746.1
"2017","03",중랑구,438.2
"2017","04",강남구,1009.6
"2017","04",강동구,546.6
"2017","04",강북구,446.0
"2017","04",강서구,491.9
"2017","04",관악구,498.9
"2017","04",광진구,610.4
"2017","04",구로구,446.1
"2017","04",금천구,435.3
"2017","04",노원구,442.5
"2017","04",도봉구,395.9
"2017","04",동대문구,530.2
"2017","04",동작구,623.8
"2017","04",마포구,731.0
"2017","04",서대문구,573.7
"2017","04",서초구,896.5
"2017","04",성동구,668.7
"2017","04",성북구,496.0
"2017","04",송파구,713.5
"2017","04",양천구,523.2
"2017","04",영등포구,562.5
"2017","04",용산구,928.9
"2017","04",은평구,476.1
"2017","04",종로구,670.0
"2017","04",중구,716.1
"2017","04",중랑구,444.4
"2017","05",강남구,1003.2
"2017","05",강동구,556.3
"2017","05",강북구,428.8
"2017","05",강서구,484.1
"2017","05",관악구,515.8
"2017","05",광진구,590.9
"2017","05",구로구,468.9
"2017","05",금천구,407.0
"2017","05",노원구,430.9
"2017","05",도봉구,401.2
"2017","05",동대문구,541.3
"2017","05",동작구,633.6
"2017","05",마포구,738.5
"2017","05",서대문구,580.0
"2017","05",서초구,927.2
"2017","05",성동구,740.7
"2017","05",성북구,506.0
"2017","05",송파구,701.2
"2017","05",양천구,548.5
"2017","05",영등포구,586.5
"2017","05",용산구,927.8
"2017","05",은평구,482.1
"2017","05",종로구,667.3
"2017","05",중구,677.4
"2017","05",중랑구,430.0
"2017","06",강남구,969.4
"2017","06",강동구,571.6
"2017","06",강북구,428.9
"2017","06",강서구,499.9
"2017","06",관악구,508.6
"2017","06",광진구,622.4
"2017","06",구로구,468.4
"2017","06",금천구,382.4
"2017","06",노원구,434.6
"2017","06",도봉구,412.3
"2017","06",동대문구,531.5
"2017","06",동작구,669.8
"2017","06",마포구,752.1
"2017","06",서대문구,595.9
"2017","06",서초구,922.9
"2017","06",성동구,727.9
"2017","06",성북구,584.4
"2017","06",송파구,712.4
"2017","06",양천구,523.1
"2017","06",영등포구,592.4
"2017","06",용산구,924.4
"2017","06",은평구,489.3
"2017","06",종로구,685.4
"2017","06",중구,723.6
"2017","06",중랑구,429.6
"2017","07",강남구,1023.4
"2017","07",강동구,587.4
"2017","07",강북구,448.5
"2017","07",강서구,504.4
"2017","07",관악구,557.4
"2017","07",광진구,622.4
"2017","07",구로구,464.2
"2017","07",금천구,421.8
"2017","07",노원구,466.5
"2017","07",도봉구,391.9
"2017","07",동대문구,571.7
"2017","07",동작구,641.9
"2017","07",마포구,773.6
"2017","07",서대문구,606.6
"2017","07",서초구,926.6
"2017","07",성동구,726.4
"2017","07",성북구,531.9
"2017","07",송파구,715.4
"2017","07",양천구,538.0
"2017","07",영등포구,594.8
"2017","07",용산구,1015.1
"2017","07",은평구,473.7
"2017","07",종로구,669.8
"2017","07",중구,627.4
"2017","07",중랑구,441.8
"2017","08",강남구,980.1
"2017","08",강동구,576.4
"2017","08",강북구,437.9
"2017","08",강서구,543.3
"2017","08",관악구,535.2
"2017","08",광진구,630.4
"2017","08",구로구,457.1
"2017","08",금천구,432.6
"2017","08",노원구,446.2
"2017","08",도봉구,401.5
"2017","08",동대문구,575.8
"2017","08",동작구,677.2
"2017","08",마포구,761.3
"2017","08",서대문구,552.2
"2017","08",서초구,951.6
"2017","08",성동구,711.1
"2017","08",성북구,550.4
"2017","08",송파구,688.6
"2017","08",양천구,496.1
"2017","08",영등포구,622.7
"2017","08",용산구,922.5
"2017","08",은평구,479.7
"2017","08",종로구,683.5
"2017","08",중구,668.4
"2017","08",중랑구,462.2
"2017","09",강남구,1016.8
"2017","09",강동구,584.4
"2017","09",강북구,441.9
"2017","09",강서구,490.1
"2017","09",관악구,572.2
"2017","09",광진구,682.0
"2017","09",구로구,515.8
"2017","09",금천구,426.1
"2017","09",노원구,444.3
"2017","09",도봉구,399.1
"2017","09",동대문구,563.4
"2017","09",동작구,632.7
"2017","09",마포구,775.2
"2017","09",서대문구,570.2
"2017","09",서초구,953.6
"2017","09",성동구,771.7
"2017","09",성북구,522.5
"2017","09",송파구,739.1
"2017","09",양천구,544.5
"2017","09",영등포구,643.6
"2017","09",용산구,940.3
"2017","09",은평구,487.3
"2017","09",종로구,699.7
"2017","09",중구,658.8
"2017","09",중랑구,477.4
"2017","10",강남구,1049.6
"2017","10",강동구,597.6
"2017","10",강북구,442.2
"2017","10",강서구,537.5
"2017","10",관악구,553.7
"2017","10",광진구,670.0
"2017","10",구로구,482.6
"2017","10",금천구,442.5
"2017","10",노원구,447.5
"2017","10",도봉구,389.7
"2017","10",동대문구,555.5
"2017","10",동작구,686.8
"2017","10",마포구,768.1
"2017","10",서대문구,601.8
"2017","10",서초구,900.7
"2017","10",성동구,821.7
"2017","10",성북구,499.7
"2017","10",송파구,753.3
"2017","10",양천구,566.6
"2017","10",영등포구,628.8
"2017","10",용산구,883.3
"2017","10",은평구,476.3
"2017","10",종로구,714.8
"2017","10",중구,767.4
"2017","10",중랑구,436.8
"2017","11",강남구,1095.4
"2017","11",강동구,574.6
"2017","11",강북구,478.2
"2017","11",강서구,533.9
"2017","11",관악구,568.9
"2017","11",광진구,706.4
"2017","11",구로구,486.3
"2017","11",금천구,447.3
"2017","11",노원구,440.6
"2017","11",도봉구,397.3
"2017","11",동대문구,532.6
"2017","11",동작구,700.5
"2017","11",마포구,756.8
"2017","11",서대문구,606.7
"2017","11",서초구,890.0
"2017","11",성동구,750.5
"2017","11",성북구,536.0
"2017","11",송파구,723.8
"2017","11",양천구,563.0
"2017","11",영등포구,620.6
"2017","11",용산구,1005.1
"2017","11",은평구,513.8
"2017","11",종로구,683.9
"2017","11",중구,883.4
"2017","11",중랑구,484.8
"2017","12",강남구,1052.4
"2017","12",강동구,652.6
"2017","12",강북구,450.6
"2017","12",강서구,536.2
"2017","12",관악구,546.4
"2017","12",광진구,667.6
"2017","12",구로구,482.5
"2017","12",금천구,455.4
"2017","12",노원구,486.8
"2017","12",도봉구,387.7
"2017","12",동대문구,557.5
"2017","12",동작구,714.5
"2017","12",마포구,761.7
"2017","12",서대문구,615.7
"2017","12",서초구,955.5
"2017","12",성동구,845.7
"2017","12",성북구,514.3
"2017","12",송파구,760.8
"2017","12",양천구,566.9
"2017","12",영등포구,690.2
"2017","12",용산구,1032.5
"2017","12",은평구,516.6
"2017","12",종로구,724.9
"2017","12",중구,830.5
"2017","12",중랑구,441.1
"2018","01",강남구,1051.3
"2018","01",강동구,622.9
"2018","01",강북구,429.8
"2018","01",강서구,535.9
"2018","01",관악구,550.8
"2018","01",광진구,647.3
"2018","01",구로구,492.8
"2018","01",금천구,460.3
"2018","01",노원구,452.6
"2018","01",도봉구,412.2
"2018","01",동대문구,578.5
"2018","01",동작구,656.1
"2018","01",마포구,762.7
"2018","01",서대문구,684.2
"2018","01",서초구,967.8
"2018","01",성동구,816.4
"2018","01",성북구,558.6
"2018","01",송파구,797.7
"2018","01",양천구,555.7
"2018","01",영등포구,655.4
"2018","01",용산구,1048.9
"2018","01",은평구,570.1
"2018","01",종로구,778.7
"2018","01",중구,801.1
"2018","01",중랑구,445.5
"2018","02",강남구,1079.2
"2018","02",강동구,722.0
"2018","02",강북구,448.6
"2018","02",강서구,535.0
"2018","02",관악구,556.4
"2018","02",광진구,701.0
"2018","02",구로구,477.8
"2018","02",금천구,425.3
"2018","02",노원구,514.0
"2018","02",도봉구,396.7
"2018","02",동대문구,557.1
"2018","02",동작구,713.7
"2018","02",마포구,746.6
"2018","02",서대문구,611.8
"2018","02",서초구,965.3
"2018","02",성동구,837.5
"2018","02",성북구,521.8
"2018","02",송파구,802.0
"2018","02",양천구,538.1
"2018","02",영등포구,639.9
"2018","02",용산구,977.1
"2018","02",은평구,579.8
"2018","02",종로구,736.5
"2018","02",중구,896.3
"2018","02",중랑구,447.3
"2018","03",강남구,1087.0
"2018","03",강동구,647.1
"2018","03",강북구,436.1
"2018","03",강서구,520.6
"2018","03",관악구,557.5
"2018","03",광진구,665.2
"2018","03",구로구,489.1
"2018","03",금천구,453.9
"2018","03",노원구,443.7
"2018","03",도봉구,385.1
"2018","03",동대문구,576.6
"2018","03",동작구,679.0
"2018","03",마포구,797.4
"2018","03",서대문구,590.3
"2018","03",서초구,963.5
"2018","03",성동구,737.3
"2018","03",성북구,512.3
"2018","03",송파구,746.4
"2018","03",양천구,546.4
"2018","03",영등포구,688.4
"2018","03",용산구,1013.3
"2018","03",은평구,594.7
"2018","03",종로구,739.3
"2018","03",중구,826.5
"2018","03",중랑구,475.9
"2018","04",강남구,1114.4
"2018","04",강동구,660.2
"2018","04",강북구,443.5
"2018","04",강서구,537.6
"2018","04",관악구,542.6
"2018","04",광진구,674.5
"2018","04",구로구,493.6
"2018","04",금천구,487.9
"2018","04",노원구,497.5
"2018","04",도봉구,423.2
"2018","04",동대문구,618.9
"2018","04",동작구,645.9
"2018","04",마포구,806.4
"2018","04",서대문구,618.4
"2018","04",서초구,982.1
"2018","04",성동구,731.5
"2018","04",성북구,503.9
"2018","04",송파구,742.8
"2018","04",양천구,528.0
"2018","04",영등포구,681.2
"2018","04",용산구,967.1
"2018","04",은평구,579.2
"2018","04",종로구,747.8
"2018","04",중구,768.9
"2018","04",중랑구,448.9
"2018","05",강남구,1121.4
"2018","05",강동구,656.0
"2018","05",강북구,443.8
"2018","05",강서구,565.0
"2018","05",관악구,606.0
"2018","05",광진구,627.2
"2018","05",구로구,484.2
"2018","05",금천구,427.3
"2018","05",노원구,437.6
"2018","05",도봉구,426.4
"2018","05",동대문구,595.9
"2018","05",동작구,706.3
"2018","05",마포구,831.4
"2018","05",서대문구,584.7
"2018","05",서초구,978.4
"2018","05",성동구,820.3
"2018","05",성북구,552.4
"2018","05",송파구,762.1
"2018","05",양천구,507.1
"2018","05",영등포구,701.5
"2018","05",용산구,1019.5
"2018","05",은평구,557.0
"2018","05",종로구,723.1
"2018","05",중구,770.2
"2018","05",중랑구,463.8
"2018","06",강남구,1099.2
"2018","06",강동구,622.8
"2018","06",강북구,456.9
"2018","06",강서구,559.2
"2018","06",관악구,564.7
"2018","06",광진구,654.2
"2018","06",구로구,492.7
"2018","06",금천구,476.8
"2018","06",노원구,505.7
"2018","06",도봉구,419.3
"2018","06",동대문구,604.1
"2018","06",동작구,752.6
"2018","06",마포구,834.8
"2018","06",서대문구,648.0
"2018","06",서초구,1012.6
"2018","06",성동구,884.5
"2018","06",성북구,521.0
"2018","06",송파구,798.2
"2018","06",양천구,571.7
"2018","06",영등포구,738.9
"2018","06",용산구,1038.4
"2018","06",은평구,543.0
"2018","06",종로구,808.0
"2018","06",중구,839.6
"2018","06",중랑구,465.9
"2018","07",강남구,1175.8
"2018","07",강동구,655.4
"2018","07",강북구,482.6
"2018","07",강서구,556.5
"2018","07",관악구,562.3
"2018","07",광진구,712.7
"2018","07",구로구,550.0
"2018","07",금천구,487.8
"2018","07",노원구,468.2
"2018","07",도봉구,411.8
"2018","07",동대문구,627.5
"2018","07",동작구,746.2
"2018","07",마포구,887.2
"2018","07",서대문구,650.3
"2018","07",서초구,1043.8
"2018","07",성동구,843.9
"2018","07",성북구,540.8
"2018","07",송파구,810.6
"2018","07",양천구,614.3
"2018","07",영등포구,677.3
"2018","07",용산구,1100.4
"2018","07",은평구,546.7
"2018","07",종로구,714.8
"2018","07",중구,752.5
"2018","07",중랑구,476.2
"2018","08",강남구,1220.9
"2018","08",강동구,696.5
"2018","08",강북구,450.8
"2018","08",강서구,570.2
"2018","08",관악구,578.9
"2018","08",광진구,705.2
"2018","08",구로구,565.4
"2018","08",금천구,493.1
"2018","08",노원구,501.8
"2018","08",도봉구,383.5
"2018","08",동대문구,671.7
"2018","08",동작구,747.5
"2018","08",마포구,936.6
"2018","08",서대문구,655.0
"2018","08",서초구,1096.5
"2018","08",성동구,953.4
"2018","08",성북구,581.8
"2018","08",송파구,790.2
"2018","08",양천구,633.6
"2018","08",영등포구,741.7
"2018","08",용산구,1158.0
"2018","08",은평구,596.9
"2018","08",종로구,722.0
"2018","08",중구,791.4
"2018","08",중랑구,487.2
"2018","09",강남구,1166.1
"2018","09",강동구,659.6
"2018","09",강북구,479.0
"2018","09",강서구,602.7
"2018","09",관악구,572.8
"2018","09",광진구,729.2
"2018","09",구로구,513.6
"2018","09",금천구,457.2
"2018","09",노원구,499.7
"2018","09",도봉구,437.1
"2018","09",동대문구,633.0
"2018","09",동작구,799.4
"2018","09",마포구,890.2
"2018","09",서대문구,677.1
"2018","09",서초구,1089.1
"2018","09",성동구,887.9
"2018","09",성북구,612.3
"2018","09",송파구,799.3
"2018","09",양천구,565.2
"2018","09",영등포구,770.1
"2018","09",용산구,1138.0
"2018","09",은평구,529.5
"2018","09",종로구,720.5
"2018","09",중구,849.5
"2018","09",중랑구,488.7
"2018","10",강남구,1087.2
"2018","10",강동구,641.8
"2018","10",강북구,457.0
"2018","10",강서구,594.1
"2018","10",관악구,619.0
"2018","10",광진구,719.3
"2018","10",구로구,497.5
"2018","10",금천구,454.7
"2018","10",노원구,527.0
"2018","10",도봉구,425.8
"2018","10",동대문구,700.7
"2018","10",동작구,734.6
"2018","10",마포구,817.6
"2018","10",서대문구,656.9
"2018","10",서초구,1011.1
"2018","10",성동구,844.2
"2018","10",성북구,553.4
"2018","10",송파구,801.4
"2018","10",양천구,562.1
"2018","10",영등포구,797.5
"2018","10",용산구,1086.8
"2018","10",은평구,600.8
"2018","10",종로구,672.9
"2018","10",중구,886.8
"2018","10",중랑구,476.4
"2018","11",강남구,1065.9
"2018","11",강동구,655.6
"2018","11",강북구,460.0
"2018","11",강서구,580.5
"2018","11",관악구,649.1
"2018","11",광진구,704.9
"2018","11",구로구,520.3
"2018","11",금천구,482.0
"2018","11",노원구,565.6
"2018","11",도봉구,439.6
"2018","11",동대문구,679.8
"2018","11",동작구,746.7
"2018","11",마포구,959.2
"2018","11",서대문구,702.5
"2018","11",서초구,950.9
"2018","11",성동구,817.1
"2018","11",성북구,635.4
"2018","11",송파구,765.6
"2018","11",양천구,595.9
"2018","11",영등포구,732.5
"2018","11",용산구,1114.2
"2018","11",은평구,647.5
"2018","11",종로구,765.4
"2018","11",중구,937.9
"2018","11",중랑구,480.4
"2018","12",강남구,1192.8
"2018","12",강동구,656.4
"2018","12",강북구,518.0
"2018","12",강서구,584.9
"2018","12",관악구,616.3
"2018","12",광진구,694.9
"2018","12",구로구,513.6
"2018","12",금천구,543.7
"2018","12",노원구,481.3
"2018","12",도봉구,450.0
"2018","12",동대문구,674.2
"2018","12",동작구,816.6
"2018","12",마포구,854.5
"2018","12",서대문구,647.8
"2018","12",서초구,1067.2
"2018","12",성동구,923.7
"2018","12",성북구,614.7
"2018","12",송파구,825.5
"2018","12",양천구,567.5
"2018","12",영등포구,746.8
"2018","12",용산구,1061.7
"2018","12",은평구,601.6
"2018","12",종로구,676.4
"2018","12",중구,820.6
"2018","12",중랑구,497.7
"2019","01",강남구,1164.0
"2019","01",강동구,723.3
"2019","01",강북구,482.5
"2019","01",강서구,557.5
"2019","01",관악구,585.4
"2019","01",광진구,655.8
"2019","01",구로구,496.4
"2019","01",금천구,515.5
"2019","01",노원구,483.5
"2019","01",도봉구,443.4
"2019","01",동대문구,692.3
"2019","01",동작구,766.5
"2019","01",마포구,867.5
"2019","01",서대문구,645.4
"2019","01",서초구,1006.1
"2019","01",성동구,849.7
"2019","01",성북구,529.5
"2019","01",송파구,847.3
"2019","01",양천구,582.8
"2019","01",영등포구,804.8
"2019","01",용산구,1135.4
"2019","01",은평구,595.3
"2019","01",종로구,779.8
"2019","01",중구,902.3
"2019","01",중랑구,462.9
"2019","02",강남구,1156.7
"2019","02",강동구,693.1
"2019","02",강북구,459.4
"2019","02",강서구,586.5
"2019","02",관악구,609.5
"2019","02",광진구,655.3
"2019","02",구로구,516.7
"2019","02",금천구,470.3
"2019","02",노원구,527.8
"2019","02",도봉구,503.8
"2019","02",동대문구,679.7
"2019","02",동작구,688.3
"2019","02",마포구,935.8
"2019","02",서대문구,621.6
"2019","02",서초구,936.5
"2019","02",성동구,860.7
"2019","02",성북구,572.7
"2019","02",송파구,858.6
"2019","02",양천구,539.2
"2019","02",영등포구,731.1
"2019","02",용산구,1167.0
"2019","02",은평구,621.5
"2019","02",종로구,721.9
"2019","02",중구,929.1
"2019","02",중랑구,494.5
"2019","03",강남구,1238.7
"2019","03",강동구,799.9
"2019","03",강북구,468.0
"2019","03",강서구,630.7
"2019","03",관악구,578.3
"2019","03",광진구,662.3
"2019","03",구로구,511.3
"2019","03",금천구,473.6
"2019","03",노원구,497.8
"2019","03",도봉구,462.4
"2019","03",동대문구,670.2
"2019","03",동작구,705.3
"2019","03",마포구,964.6
"2019","03",서대문구,639.5
"2019","03",서초구,1056.0
"2019","03",성동구,752.0
"2019","03",성북구,640.5
"2019","03",송파구,842.0
"2019","03",양천구,603.0
"2019","03",영등포구,827.9
"2019","03",용산구,1226.0
"2019","03",은평구,561.3
"2019","03",종로구,802.7
"2019","03",중구,888.5
"2019","03",중랑구,479.4
"2019","04",강남구,1148.2
"2019","04",강동구,641.2
"2019","04",강북구,499.4
"2019","04",강서구,622.2
"2019","04",관악구,610.1
"2019","04",광진구,700.6
"2019","04",구로구,511.8
"2019","04",금천구,503.0
"2019","04",노원구,486.3
"2019","04",도봉구,461.7
"2019","04",동대문구,718.6
"2019","04",동작구,691.6
"2019","04",마포구,832.5
"2019","04",서대문구,663.0
"2019","04",서초구,992.3
"2019","04",성동구,917.8
"2019","04",성북구,607.7
"2019","04",송파구,838.0
"2019","04",양천구,650.8
"2019","04",영등포구,756.9
"2019","04",용산구,1067.4
"2019","04",은평구,589.2
"2019","04",종로구,782.5
"2019","04",중구,845.8
"2019","04",중랑구,477.8
"2019","05",강남구,1258.3
"2019","05",강동구,675.4
"2019","05",강북구,506.2
"2019","05",강서구,612.0
"2019","05",관악구,593.5
"2019","05",광진구,753.8
"2019","05",구로구,527.3
"2019","05",금천구,533.2
"2019","05",노원구,534.3
"2019","05",도봉구,442.9
"2019","05",동대문구,672.9
"2019","05",동작구,704.4
"2019","05",마포구,899.9
"2019","05",서대문구,689.8
"2019","05",서초구,1103.7
"2019","05",성동구,820.8
"2019","05",성북구,666.4
"2019","05",송파구,853.8
"2019","05",양천구,622.3
"2019","05",영등포구,773.6
"2019","05",용산구,1161.2
"2019","05",은평구,573.4
"2019","05",종로구,882.1
"2019","05",중구,828.7
"2019","05",중랑구,511.1
"2019","06",강남구,1248.5
"2019","06",강동구,669.7
"2019","06",강북구,469.1
"2019","06",강서구,636.9
"2019","06",관악구,637.6
"2019","06",광진구,719.6
"2019","06",구로구,544.5
"2019","06",금천구,519.4
"2019","06",노원구,516.8
"2019","06",도봉구,451.8
"2019","06",동대문구,755.2
"2019","06",동작구,838.2
"2019","06",마포구,937.2
"2019","06",서대문구,765.1
"2019","06",서초구,1105.7
"2019","06",성동구,934.9
"2019","06",성북구,643.1
"2019","06",송파구,872.9
"2019","06",양천구,715.4
"2019","06",영등포구,849.3
"2019","06",용산구,1150.6
"2019","06",은평구,560.3
"2019","06",종로구,803.8
"2019","06",중구,944.2
"2019","06",중랑구,536.5
"2019","07",강남구,1256.0
"2019","07",강동구,721.9
"2019","07",강북구,484.8
"2019","07",강서구,619.8
"2019","07",관악구,587.5
"2019","07",광진구,702.4
"2019","07",구로구,590.4
"2019","07",금천구,534.3
"2019","07",노원구,612.7
"2019","07",도봉구,452.1
"2019","07",동대문구,721.6
"2019","07",동작구,838.4
"2019","07",마포구,969.6
"2019","07",서대문구,705.6
"2019","07",서초구,1133.4
"2019","07",성동구,1016.4
"2019","07",성북구,724.5
"2019","07",송파구,900.6
"2019","07",양천구,670.5
"2019","07",영등포구,819.3
"2019","07",용산구,1168.6
"2019","07",은평구,623.7
"2019","07",종로구,867.8
"2019","07",중구,1067.9
"2019","07",중랑구,502.5
"2019","08",강남구,1462.5
"2019","08",강동구,721.0
"2019","08",강북구,509.0
"2019","08",강서구,631.1
"2019","08",관악구,633.1
"2019","08",광진구,760.6
"2019","08",구로구,607.9
"2019","08",금천구,589.4
"2019","08",노원구,543.0
"2019","08",도봉구,492.3
"2019","08",동대문구,750.3
"2019","08",동작구,861.1
"2019","08",마포구,931.5
"2019","08",서대문구,699.2
"2019","08",서초구,1134.2
"2019","08",성동구,1169.7
"2019","08",성북구,597.1
"2019","08",송파구,886.8
"2019","08",양천구,601.7
"2019","08",영등포구,766.4
"2019","08",용산구,1182.8
"2019","08",은평구,662.6
"2019","08",종로구,813.1
"2019","08",중구,815.3
"2019","08",중랑구,527.3
"2019","09",강남구,1343.9
"2019","09",강동구,746.1
"2019","09",강북구,515.5
"2019","09",강서구,588.1
"2019","09",관악구,587.9
"2019","09",광진구,811.8
"2019","09",구로구,574.9
"2019","09",금천구,567.6
"2019","09",노원구,555.0
"2019","09",도봉구,453.4
"2019","09",동대문구,749.6
"2019","09",동작구,873.8
"2019","09",마포구,949.8
"2019","09",서대문구,740.3
"2019","09",서초구,1133.9
"2019","09",성동구,958.0
"2019","09",성북구,647.8
"2019","09",송파구,873.5
"2019","09",양천구,655.4
"2019","09",영등포구,831.2
"2019","09",용산구,1168.2
"2019","09",은평구,611.0
"2019","09",종로구,851.2
"2019","09",중구,916.5
"2019","09",중랑구,459.2
"2019","10",강남구,1278.8
"2019","10",강동구,699.6
"2019","10",강북구,546.7
"2019","10",강서구,634.8
"2019","10",관악구,647.3
"2019","10",광진구,786.3
"2019","10",구로구,584.3
"2019","10",금천구,551.3
"2019","10",노원구,576.0
"2019","10",도봉구,466.7
"2019","10",동대문구,724.0
"2019","10",동작구,841.7
"2019","10",마포구,946.0
"2019","10",서대문구,764.7
"2019","10",서초구,1149.0
"2019","10",성동구,1025.4
"2019","10",성북구,646.4
"2019","10",송파구,897.4
"2019","10",양천구,682.2
"2019","10",영등포구,841.6
"2019","10",용산구,1268.8
"2019","10",은평구,611.0
"2019","10",종로구,847.2
"2019","10",중구,976.0
"2019","10",중랑구,548.4
"2019","11",강남구,1254.4
"2019","11",강동구,724.9
"2019","11",강북구,553.4
"2019","11",강서구,641.3
"2019","11",관악구,657.7
"2019","11",광진구,776.4
"2019","11",구로구,685.9
"2019","11",금천구,546.2
"2019","11",노원구,606.1
"2019","11",도봉구,478.7
"2019","11",동대문구,832.8
"2019","11",동작구,840.0
"2019","11",마포구,980.4
"2019","11",서대문구,811.1
"2019","11",서초구,1160.7
"2019","11",성동구,989.7
"2019","11",성북구,679.6
"2019","11",송파구,940.3
"2019","11",양천구,716.4
"2019","11",영등포구,818.4
"2019","11",용산구,1217.8
"2019","11",은평구,623.7
"2019","11",종로구,755.2
"2019","11",중구,1061.8
"2019","11",중랑구,555.7
"2019","12",강남구,1291.7
"2019","12",강동구,730.3
"2019","12",강북구,530.6
"2019","12",강서구,657.0
"2019","12",관악구,668.6
"2019","12",광진구,783.0
"2019","12",구로구,583.0
"2019","12",금천구,583.5
"2019","12",노원구,618.5
"2019","12",도봉구,500.2
"2019","12",동대문구,846.5
"2019","12",동작구,847.0
"2019","12",마포구,993.9
"2019","12",서대문구,769.9
"2019","12",서초구,1134.5
"2019","12",성동구,1021.7
"2019","12",성북구,680.4
"2019","12",송파구,899.9
"2019","12",양천구,658.4
"2019","12",영등포구,900.3
"2019","12",용산구,1257.4
"2019","12",은평구,669.6
"2019","12",종로구,835.3
"2019","12",중구,1101.5
"2019","12",중랑구,666.2
